"predict(m, newdata = dfEval, type = ""response"")"
0.9990386177644964
0.9908507188013641
0.9999998511461741
0.006086737927540736
0.004284532085481926
0.27835208294193053
0.9999973980659272
0.9999999998223985
0.08720873899889967
1.8538444301552904e-8
0.02958111424546562
0.017769955045387233
0.9999998154256415
0.6798918505609708
9.952122598290308e-4
0.0015851150559402748
2.040087683194527e-6
0.9781333382847546
0.9999993166281151
0.9999035134474604
0.005137819583314691
0.707391978995433
0.0017099828936944317
0.0032569462335339666
0.2117120754486959
1.951251500575696e-6
0.4685698350063006
0.9999998785865163
0.0025341178912727125
0.11746026692253858
0.8467790846056144
0.08719659469829368
0.005981069615791372
0.9999987597129937
0.3707255536582284
7.879949044548229e-4
0.05162982218339073
0.9999984034429037
3.739380158916118e-5
0.9705254589340042
0.020684208033678386
0.9986290209116613
0.021684655278403683
1.0934560888606593e-6
0.096320366749113
0.003154971701922027
0.9999999248429444
0.4822480839594946
0.9999992236938834
0.8892033797301904
1.1908108103467238e-7
0.07456704788233416
0.24132500507325882
0.0015013401430117618
0.9827297081974116
0.863786961527289
0.11730222929031514
0.01935920522522484
0.004952659117125713
0.9999998589255563
0.9587944682027484
0.3657343819143161
0.9999997950059493
0.0012249417222185597
2.041910639358999e-5
0.8246114157143625
0.0011686266119233896
0.9999993008259312
0.9757237595560453
0.8879896163288308
0.9911704188633366
0.0716210920980933
0.9863400074351474
0.3906416766708251
0.9999999443401826
0.032364171206889024
0.9970827224619602
0.04238727809373185
0.001418666319316893
0.19235563338251735
0.2023047948170298
0.999999433207507
0.9999944470141152
8.445894397015365e-4
0.9999345365815908
0.002592668208368997
0.7708950795566494
0.9993366845658359
0.1522270897161704
9.961552151683246e-5
0.0013772519460461632
5.2502342022432274e-5
0.9999940725997182
0.05820007920286818
9.571404111492032e-4
0.9999837622011524
5.352448778122138e-7
0.999999963457058
0.999999794139219
0.22786517338481324
0.9602632375094781
0.035201615977920354
0.9987223807559247
2.0095298255508038e-4
0.9999975107590464
0.999999987933924
0.01186065673736599
0.016497033575347504
0.9437316372927312
0.011778282688565248
0.9999943889888815
0.017142985349818316
0.5443605216980125
1.0684988188919449e-4
0.004847181093565376
9.794271782634773e-6
0.9999999822452189
0.28670810890778087
0.9996562275065133
0.7238880336689396
0.7782681853063187
0.014283553898871423
0.9634231681246221
0.9997402610726475
0.9999991135997603
0.4037651106906338
0.9999999952694241
0.6195575382430649
0.06524160718266978
4.2156826914829316e-4
0.999612130423952
0.9999999386179866
0.0015363549615191375
0.9999994088723055
0.14261883186613955
2.0073944826976472e-4
0.6678353055070085
0.6486542091339728
0.6285636895017429
0.0017166398667354812
8.76436557053316e-4
0.23624039911479336
0.9999874303379821
0.9927754102592261
0.7085697791187975
0.9991904533540421
0.9923638910636577
0.8273895714836901
0.999998209647691
7.964132660399462e-4
0.9999999210644909
0.01614850499250826
0.019555590724461017
0.018720207868937515
0.9306896361169922
0.0013748118897677628
0.9999937850974131
2.481506282712903e-4
0.35437881436973434
0.9979706012506543
0.9999967850695785
0.9988928560655946
9.81124577045052e-4
1.1646830124601881e-4
0.05148959178457884
0.0026035928333951173
1.1347878046987136e-4
0.9999975139831885
0.9999993786241925
0.9999999953043104
3.96745735320091e-4
0.9999502230523274
0.8367207305008962
0.003451261755744615
0.9960037161827894
0.9999333835392844
0.9999999954198525
0.040774893216221214
0.9999999993565851
0.9475145640552958
0.0026874821550899237
7.791758820127104e-4
0.9999997692694927
7.497816755263702e-6
0.012939186882298965
0.32485590824462407
4.341911478323578e-5
0.9999999605978013
0.999999999998665
0.9999995567391481
0.05788583789415207
0.21834779856768505
0.005004008645509891
0.9999998385146146
0.9999595694219253
0.013800023410003736
0.004176298459019562
0.9999999673517973
0.9991177060346381
0.9765718540866062
5.281398448876585e-5
0.9997561174805635
0.9999985347976057
0.8174313627522113
0.009703124858571556
0.957504833379125
7.228502859587627e-6
0.07171025123439072
0.008252314656980399
0.16863466806745867
0.9994156293566885
0.2724460239907347
0.9876456051807725
0.2626475798131803
0.9999999898478371
0.08837492771053006
0.9999995767513427
0.9941922795524091
0.9999987394028157
0.0011128140854961563
0.9896363529502091
0.27322435054288124
1.2670169324511078e-5
0.9999981483103398
0.9674058500823259
5.090818058979974e-4
0.0010876166066008035
0.9999419028667639
0.9120772811342596
0.9999999865392503
0.9999999623269699
0.9999999972060214
0.8265703006052763
0.9999999295896357
0.5117450762638257
2.9241901156812654e-5
4.3301853698704107e-7
0.026701465555830205
0.051017841037104515
0.9155508322844167
0.9999999072829642
0.5444332152302777
0.9974555301764736
0.9999999181118276
0.0013405894872897302
0.2427139268209891
0.9999995842920356
0.9999383717323597
0.12283187578127339
0.004516102116401288
6.19419365238824e-4
0.003957679370774732
0.9999999941097332
1.5759472429810437e-5
0.987365716385291
0.9999911739544544
0.27180312552783514
0.1817172159106595
8.083863815816467e-4
0.9998062553729283
0.002127124976834281
0.010993969098458694
0.09415512547470155
0.23385020344396792
0.9512806398442026
0.010330722587185925
0.9940015879389295
0.9960448222081538
0.9999999984445475
0.021318591700885445
0.9999999184707624
0.9999999968979094
0.9997092572509992
0.006872281782774559
0.11431106120251755
0.9999999979527814
0.9999999912556612
0.9341569304553445
0.9999921889144321
0.001374773625568243
1.3169278585798013e-8
0.03447287464699426
0.9973406881470388
0.9999999896759056
0.023845271908240945
0.9998113174446843
0.32366260456991797
0.10223289113070576
0.9999988167742259
0.9999892887788404
0.9954565956741394
0.9015943283363516
0.6575459673764917
7.611852692325873e-4
5.09005359235022e-4
0.9999999791182914
0.27436311160971066
0.9999987256149933
0.008730509403814353
0.1435916599656546
0.0020876497368289113
0.022395666690698757
0.021396642009531012
0.6409012974978402
0.3010155260881766
0.254470716550112
0.9267999738493655
0.9999999916840129
0.002957219887973948
0.0026397530121281985
0.054515747394761345
0.9999965342729156
0.0651335678875331
0.0015779378247248912
0.9994412398972722
0.6641488779835127
6.314884899383609e-7
2.3376669713167237e-4
0.17255657217087675
0.9999781750503723
0.7316535048181514
0.998378177971624
0.9984773868020193
0.001957900431686676
0.12775189084293428
0.0011715784195157816
0.0011805841298370128
0.001213185156057364
0.828367256657197
0.013147913626009384
0.9999999474723799
0.093807821647255
0.7933727030361557
2.618931095020025e-5
0.9999998147266085
0.9999990101417867
5.74070541347447e-9
0.0021169873429372024
0.018549828677507874
0.5202723655295541
0.9994781599352325
0.04424182994002715
0.005536229663858631
0.9999999999982182
1.5206727778690506e-4
0.9615535221384064
0.9999808312148611
0.0029525313107491833
5.152453569609827e-4
0.0025507092322104886
0.0048422877780791174
0.06730291632533257
0.27991385812210534
0.57315728845777425
0.2124513228581533
0.09975310359048781
0.34834947518315607
0.9841334932853893
0.9999999468246356
0.01931898653692659
0.08413864291118228
7.278349861171752e-6
0.009687255989226864
0.0012173949447001045
0.9999999997689404
0.11801855552254976
0.49432330516089973
0.9999972346204009
0.9927807509796401
0.12242904012565502
0.9999910119078779
3.422636582332714e-4
0.9999975051394735
0.02086569229253102
0.9999981503322446
0.9999999810438982
0.9999998641520693
9.576721346089672e-5
0.9999999950995876
0.010225159160310037
0.01476057699646132
0.9477568624344577
0.05917358344079677
0.9999986143204439
0.999650048231565
0.9999999994343718
0.9999997670377976
2.524500106814578e-4
7.855450439560275e-5
0.5611343380968872
0.021835883959599803
0.024088214860066293
0.9999999644542168
0.002437053074532125
0.999128685307956
5.283989214902692e-11
0.0010599748227358957
0.9999884654430015
0.9999998710591071
0.9946590790504081
0.9999995578742518
5.21273258698044e-4
0.9999998201924295
0.286120196252353
0.9999886774682797
0.013917460175711107
0.00140056780022578
4.4429172161088834e-8
0.9999936417780477
0.03816572777685325
0.8616646041563835
8.712403704531836e-4
0.0019522794829455058
0.004000966248950859
0.0456934023011547
7.354469864324869e-6
0.004344356542493937
0.33202714001613076
0.6509264713701224
4.937541535522558e-4
7.393895761099533e-8
0.509150071857034
0.9654628607746258
0.976695378673991
0.9449503272474038
0.1844359673821093
0.999680640338537
0.9981860565038205
0.9996625479204765
0.999999969489557
7.67581660304879e-7
0.002157353732185231
0.20039055949168869
0.15362738091348596
0.005241873124674376
0.84659334825338
0.0018556210807079716
0.9999207131470169
0.017709928906621725
0.9005390682579825
2.839188772485588e-4
0.9999999837220863
0.9999998563306111
0.002149337999471984
7.420112216325822e-4
0.0016443572243623823
0.9997555542722633
9.42430023933965e-6
0.9999999119632321
0.9999995860902013
0.9999907566556954
0.8413930082874831
0.34796247761949245
0.9999968042064521
0.921094251859591
0.005610028697795044
0.3438501904305542
0.2084401581223699
0.9952225722858706
0.7549350912172398
0.9999999943118644
0.9999999368479295
0.9999956128289046
0.9999751137702014
0.007822890272771032
0.9999999922496488
