"predict(m, newdata = dfEval2)"
65.55190831466074
73.00183473968544
74.2510085596044
69.95244969498583
66.80496603617848
70.24417246922124
66.29277727775332
71.06411260538951
74.46556651328248
66.37214556135946
69.46975829936254
77.74397366642529
76.93262627250513
70.89364686851772
83.13328803356144
82.84443886055892
88.78232967244887
81.6857277058
75.63521342369559
86.8803607157416
74.96393374440072
76.82949269622137
78.60664628233296
87.13806292626315
83.45039182313968
77.23266096099515
78.86894887755179
76.38966853600883
76.77438662882733
70.04478983815585
80.91321259842722
83.52545979957121
91.8945453657385
85.97919172120575
88.92169694056545
82.2270186082404
78.10794629713936
86.9504435975649
83.69726211920522
89.93389799213726
87.63145935270387
95.15289070120656
89.73065226769472
78.31296585191335
96.70592227667956
87.44048690468449
89.78451372295204
92.55031341038591
84.34227070108874
71.77717358213084
81.43123439335368
78.69630615626205
76.85425027223619
79.2143959897906
100.25702046390744
99.14341813274382
83.16529912256485
100.35466173605306
97.90465067081588
94.7282446690442
78.09780106450813
57.456532649760916
88.51449942976728
68.32623701499791
86.80110164716017
84.55948306666612
87.11471321956913
100.41104137133703
115.49920735632078
93.60005739860813
97.35403986543889
113.9525376047418
92.26079121167764
93.98473097394047
94.75778823010732
77.01865569856817
57.4677320414834
57.704659266220986
61.15589237817724
44.13604492917152
82.0252421746418
81.20671212787198
48.95950512242945
63.68841783401393
74.95106366890471
74.49601497338115
78.14865855918534
72.43366591408254
70.70922433976877
75.58188323354365
71.742074805095
76.2656610390493
74.30360006926891
91.3823586147406
75.23450077036377
73.62721392467867
71.27856727952165
82.87367015116497
77.585838184952
80.05358490866001
77.53620440075676
77.51519416015857
79.55527342866657
72.22418043066992
76.07731441570937
72.63918537346532
81.77392475241086
74.63977339919694
71.75796983346028
72.39270138810303
69.54975271804373
68.50319025070853
71.87176838350732
65.3557690421783
67.93539175012737
80.53044995629315
78.99818109376525
84.7832908494972
88.66634817642812
79.8371826472165
83.0972345658059
81.80781135033372
70.7513915238159
80.68043805354726
80.84625862119024
86.97091855414
84.79816483246269
84.21660670940626
84.05193686570573
81.29710049440068
75.61989024217746
82.11702503625257
77.91875636681615
85.81814178787357
73.9272749373035
78.22515305467167
89.57097312292164
79.48114237342266
88.44021069109922
79.21477455205483
73.00361457622444
72.6403988798102
79.11972338816796
78.02837303836135
77.01565877049356
70.81432886195343
75.44451581787399
80.55652210735562
87.4407034913926
76.58421551105802
69.9774639408065
72.22479457787975
83.30746037861593
71.31659361058435
75.26071692227896
86.58828573790377
86.33451212377321
87.87217448306042
84.89918476363897
80.70021112812329
84.76538800627732
88.2093080131627
89.48089029329824
92.98312147945406
90.00451160886593
83.03175959253961
89.25452816113594
80.10567515349022
81.9214027657359
82.56450260144948
66.27967528127951
73.35852329857613
61.02737699365047
72.28051271341532
84.80313979186947
77.96885155353156
84.7392928730495
67.83357662924895
37.204805923291914
48.1476019310972
60.870880758741876
64.83299948085775
66.87821986801235
63.66113375628005
79.05948580948682
65.35652724620792
76.64315777803347
75.60493690273317
93.95755881761698
94.75442889310442
99.44551025640764
84.2835523991447
89.17281091616412
74.04649368263911
72.01180546627803
80.56895240194737
76.79434684713154
73.2058033948316
81.34509717272141
75.67742451188433
73.85717879322188
79.83314707105494
84.62221951639287
80.06155140482912
79.57510112878848
77.37830863489287
86.77487453901689
74.98900853313276
74.99894328570593
77.0543619143387
72.09386149887156
74.39570049511188
76.9645802665208
75.75150983491226
71.66229179222316
67.26449039970834
71.63298933283238
72.01205650269998
68.80843832747333
73.4638120194571
77.22492830388676
70.22170036931858
70.19983850549917
77.17477217422054
76.88356921973647
76.49158081390307
78.90520807575503
77.89276139302626
72.6870643319848
83.51176911075859
74.67146081098119
69.84811055192863
91.66122756652928
89.04173107084799
87.00028827821275
68.0600508985482
89.05831180260303
80.87576110370877
81.45000338979011
78.20660707893423
80.03333535789338
79.36361927265274
84.27763220688513
88.32514147206712
77.14155441652224
90.41354789866351
85.65255188529595
78.14957781287818
86.69511873898458
80.27654343992133
83.14702730276036
70.45634642623897
81.64372502433572
80.74462425574967
79.38861036545292
86.29034289417471
84.13200859635444
93.19836205478008
87.91208717422901
92.72208577233718
89.01356975290246
90.43685695061279
89.65687799191734
86.16841685707836
78.53070628475398
73.42320042910738
87.43721323798032
83.89222626083925
70.97937057042645
78.01341508551066
76.46184836858127
70.01676915769713
79.78303943087357
49.911564594568276
68.8968063442424
82.42837705517216
79.3521495142774
49.23907304876891
96.44614482542977
62.78509174640697
68.3191868625552
78.69825721524239
80.67864913194938
69.58552816237965
90.73698453073516
133.663803537797
113.08028206584645
127.1296059085382
123.52734050211582
101.66216693178582
99.40435590944652
77.12302322871722
63.929724122658655
63.82187655883344
102.06470089394826
87.8572619237074
90.71770920517295
110.03212502927978
112.56379183204103
83.43743923886396
83.806629221915
83.40125125819829
76.09605179158224
78.50299903600855
52.20070070541327
72.91165624577926
74.42061657389712
81.81496796655748
91.59736546575236
83.32704921293828
98.57848517090858
84.12137617895652
78.26140428195984
79.1820383201962
75.95404183280088
74.90443084030903
74.61564448385424
80.67473569020774
81.92859494601433
79.55470188700109
68.7908210840979
67.90819038503226
71.65708148985794
68.6737552587757
73.03734120691263
66.92058173180192
67.22255135217918
65.41779774857666
76.5347961336338
85.41357663645061
85.24159579117148
86.33617054517565
89.95231083440584
90.18323378630386
90.03553879336737
91.31450426572096
72.1303553697774
79.27496657310766
71.75159158799956
84.08481048232625
90.29398092876333
90.41369165875984
102.3981391583979
83.65855366459822
74.11608085731572
73.24060589847933
81.53292841037151
85.48891382633192
77.16765781568942
77.0483052783524
77.90526415103352
75.38978998561498
79.96850741134936
79.70842366738707
80.91207404981421
79.33613004388235
70.39016052551938
78.9519980459324
70.93104811208106
77.65851599258667
78.13203870871637
86.93608113905441
81.72657713239677
84.71531352969798
82.57778558729943
83.90884005385738
85.88069930559195
80.9551757447861
81.84657509566614
78.77067225699241
87.04463702384727
89.31990256234475
83.50006313298013
80.0090408742817
80.99052963474615
68.18537830128375
76.51930332666595
79.66077104123018
87.28799159243981
92.642531258016
83.99093211009487
88.77144034730307
87.3961512991968
84.82999421555718
81.29012844711878
86.73932656824178
98.59211092905656
90.19458047258198
88.54703607326897
84.19735134360631
30.35911181815718
37.182458800252746
50.01622317132802
55.63880866359155
52.63913508733739
99.48903084156944
77.52753345031027
80.32901667385886
82.08776039156653
65.10852748684535
79.61324940845502
98.14393978074575
96.36429292618537
96.3795254247014
83.54786680464059
84.61772349381785
76.21534959139562
89.88488709015328
64.43448253907931
80.26478985402261
86.19696163561606
75.83988409359982
78.07354461703413
71.70651217628287
57.37222779102113
63.15380200144415
64.09998823234777
123.67045463015796
93.4792019124918
92.1556822803372
77.93866668532938
94.12694999673236
102.26343191445193
90.29505128210305
74.83494042610602
101.16464861793423
97.35455029719422
77.09618468481972
91.87652273487498
76.70485682069764
81.27233104192042
83.95916122866493
70.1794399695253
106.26012293814264
99.16508543755837
92.99587342656089
81.4167631546024
82.07542429331971
66.14591164756939
72.30282271183486
69.25086047871318
84.68773740765576
85.3608015624708
97.23853883379313
120.4291791546878
99.14138158704978
104.7446846535155
88.16273525253331
83.79807302803215
85.5049340791485
82.3109363916162
82.38825621034925
72.55287626221723
67.35067303063525
82.15355732217452
77.14821020482998
85.83236682753318
86.97011728057393
88.76476317647283
79.5477521067864
79.50107465625557
76.33728007560832
82.74157338561936
82.12600926222777
97.93462852699604
101.02765074869725
86.24321933056505
79.0954203718166
83.72734309143551
84.38245266071932
92.38568746043154
84.14744051037081
80.0512961732484
76.41640656361731
73.56030758914704
71.94473758393866
80.0396012824749
77.1695723082683
90.41803427306232
79.6496816075019
72.4520352237001
74.41907271771244
71.93786704069568
70.36367199752586
74.0166682745856
79.84363116420074
77.4809122067513
79.15073183752023
76.29471808557668
76.27345260524778
72.87924633432452
79.80242737975054
77.70053451478944
76.31867302204421
70.6586930067214
75.45788519185272
64.78002576707271
69.2803771406098
78.37189332798182
79.4677448963929
78.23189648292848
84.49303038322117
80.07493889010489
81.7863027331751
72.79291120170218
77.21511892838565
78.37254389375909
75.9698434653981
80.65547716393719
83.12651132170865
80.83137153234163
68.3204968665328
85.5398941027214
79.15486960867749
87.3390698716619
85.1028390692131
82.32810101875664
86.06250977970679
83.68391992843053
85.6851589616741
86.41419305376466
85.56330469019382
82.68400225800923
79.60343755233087
83.34136853946693
79.79234224092001
83.55843038318278
92.18494365604923
79.88232215579154
85.3727225991228
85.78997739947275
76.77021447652699
76.21532219936601
87.64767620257423
81.93706018779962
89.00685363137447
76.65082407654363
82.42557011937095
79.66557981730676
83.08141301052844
66.41184539381577
96.65180234408507
85.5532022542109
83.10898690590189
84.58586010721733
78.2270551491325
97.38683232944746
67.11363565296814
69.67821783687153
88.96917146856816
78.23674204311635
86.20924693893612
77.40755233963507
91.01169342413924
81.79632118296819
85.95611550305331
88.27242682889285
87.5400646417774
84.19177003875177
89.62574356980159
80.44861397964452
79.51265722287876
77.56037292325281
79.36414664530326
76.16739216626134
69.06005638635206
81.47053495222247
77.1198355972348
86.89254425478833
92.68498260660898
81.50845483215656
80.12238920068712
87.54080433878542
84.48122745619682
75.80476021190866
71.99632719109044
77.68746927361188
70.30444855424896
74.95048931463425
71.15395769931627
74.85165287511529
75.2631421029938
76.91338667524333
85.79334859000471
80.85518392264183
84.5957436844614
88.3874765566942
86.73369115280076
86.41456552615175
84.26103170384833
83.65559394605383
84.70818603340241
84.2725874528479
91.77060009355966
84.47208043860113
77.04129492372799
77.01515341292395
75.58868826490915
69.66089054207586
69.00879525121692
64.50345582492368
74.30458825025394
69.62066016781083
79.62799907408721
72.26134818462027
75.24082255530081
76.62281244931977
81.64100044961752
80.32721825145094
92.358706199747175
82.25819931505285
80.26686613902535
71.49645175893258
84.8893303596904
83.03988639840182
86.15808003509115
80.72471095450554
80.58359537188744
78.356159603503
80.5876683325554
69.38982995336123
74.32166490505706
77.1442017967552
89.67470183689113
88.23286067617487
89.92308875011706
103.65340914902394
95.12974338532354
96.54155278645096
86.03338124458197
87.4812099344907
88.59853349987027
86.16896060758728
87.1966291432549
84.66025879442046
91.89177595424638
95.37146436012172
103.81438946357338
100.75416962028521
96.46754768206569
58.82564920666689
94.60931310540015
81.61702122288544
92.16592501693552
88.68448043673725
73.16406079687599
77.79015349859685
90.75491396071538
91.40285660739072
101.24729127705893
89.96234197288125
84.98861577255747
89.41149962896912
76.17704194860151
87.02351059959615
81.76826561785794
82.6991569025524
82.04980825361493
89.26856653312531
81.88309045584067
88.60226737362576
86.0864112888938
83.6616839674529
67.33914704728299
73.03391289812286
76.4261581285994
76.74552193130877
79.52606898815039
86.70720731764523
85.54581294868326
81.45758517226048
90.55624180105666
85.59156625840198
86.08666484655222
83.77529654539165
79.11270569871313
76.30380211317726
85.4507543936918
79.13432713218103
69.18042916123576
77.08415527433604
67.00805192947318
74.45281856412649
74.73075653494654
80.04763002086345
72.12181792063133
82.94771460477423
81.34694125454112
81.16053500134903
74.8550389468893
66.2786924572523
74.8023724725432
73.13457421970651
67.08772537322142
80.7826453665177
73.97262988097353
75.80307382434509
78.25924225436673
74.20175945873505
77.22670919465847
79.26141604019217
84.19971272667979
89.59626450950402
81.63889474453163
83.27089292020801
78.28784838990849
82.94052556283455
83.58152815448344
76.3756305489027
77.98625233209556
89.3405777893183
81.40547009197532
75.74777392976641
85.1223580517189
70.60691030003552
84.89606374077309
86.62123374990087
89.55311706553658
101.25862482201318
93.8952769985226
85.60489797095333
83.8492326983385
87.60086709572305
79.62831663287956
76.29905090657773
79.09719941570953
81.15734204334889
84.3678178902897
84.2774618036519
90.9693976629726
81.81429048841001
81.34202184395679
88.24698451397585
85.34721003215654
84.2629187188773
98.21037132435306
90.98895286006754
86.53304949703515
83.98765897481653
80.45526858833396
91.70570693504602
87.7888266575971
78.74698488473858
75.25194299872173
71.49614998257485
79.60788286558268
82.50878642781205
83.52547820106645
66.42791262305614
70.51211305849786
81.716379357567
67.97214844571813
74.8518489527668
93.3641325032142
103.43174432889131
73.23281535093767
69.91817244230549
84.38538113252439
78.51857387848149
76.4959649402414
67.87962093189019
72.75711128131937
71.56563224403685
71.69259167083936
81.7459479184619
81.36179273397823
92.00140997376485
93.18932712746862
85.65660920305444
90.31654680256953
86.83804102004338
88.40979616480192
80.20965225073734
72.32150656478451
70.4464739817949
82.62767287132573
82.2385397903091
86.45476567089932
88.76188174605532
80.01927632079493
87.15364298340363
90.49965932295126
83.99484151328265
78.09105105455109
80.82639142576973
73.7285161740077
70.6901383544068
72.61921811675249
73.28473456532096
78.74572267215746
93.68864047530074
81.78455227175766
90.23492543938745
84.19471971975136
81.86078603905491
85.40427241753198
86.52818777871957
81.63614262685569
77.37618283083827
73.64483452642932
80.3919650326554
81.87908487933697
72.62797429135554
73.04517375900494
78.56845751333384
75.0891654305706
70.25775638785191
71.8070584859292
72.18240071393849
74.38915369768003
70.1881554629731
66.9807702370482
78.47174108952953
76.39887044781644
85.83443675999554
82.36608796152333
81.99555304442246
88.35386745957636
93.19957288835263
85.6853950780508
82.39636960105283
87.53059201485429
81.45813973296117
89.03431026944118
86.81022737304032
81.63018387329492
77.4663014611013
82.38221007765928
72.07170212275084
81.47585544420596
84.057456617402
98.77947104404785
99.38846297805954
100.88539756698042
93.93740290793157
99.2871858447397
100.7150032400134
90.46947487648862
75.87247199455285
72.00579951934509
87.36213894053171
80.83270902516107
80.26023851272221
80.03629431427348
76.15234720401884
86.66554307161374
72.88413902124289
66.8129007555971
63.60121694115891
63.45416167616173
75.54692596691258
79.91606233713823
103.22460957013547
100.58021011465738
94.96774077424038
103.48943958316451
98.03021158263343
81.54803583866801
67.28308903997302
75.75524895168306
81.46042250727825
55.04905600654659
70.83736173178444
93.7984869020575
82.5749223371879
63.98096170875705
79.88603592291932
86.18626297093454
92.38098577626361
91.87309104393525
91.89568044032707
84.35835387997015
89.98057323163438
95.84450708704684
96.21642739760281
81.71167613341791
80.79531582736612
82.03578771610275
78.80141796773027
78.98589403166677
85.89716778660596
62.35801327478059
73.02446832433083
73.20018395651222
67.21956459506285
73.33752193425732
82.23962413579389
74.19379473819413
102.79514077854864
84.51132195535007
81.73456797753057
82.73831953561736
86.43913626074172
82.3687455852554
78.24434045291899
86.18694516025816
80.623640225627355
96.14499065680639
94.53937841611447
91.92216698691215
98.07684039630803
84.205008319642
92.04254646969282
83.35373857021841
78.3213283519352
83.895020811773
95.70667823660824
98.95877443684289
95.0209893024446
97.70490726509371
88.7976971488997
87.01503005264473
93.77404507240044
80.36583070471667
78.59812902277535
72.719397554844
73.44545783075908
83.08230108259805
84.66108770447124
83.46122050577021
85.73834535014079
88.59571140725082
78.3334008774232
75.67006922442563
81.44337990302832
84.87941403997206
92.86417156900704
79.01967547135573
80.72064368696206
81.12077246851264
92.65951348539942
87.75298355756613
86.42808665471944
84.70339101475561
77.99316481153691
81.29795341530347
79.07916234077176
78.49955730041454
79.95110781903377
76.89700889477457
82.44669752227767
72.46131504012479
82.19255358011733
74.58769096211846
72.37143052899411
76.35055012499753
84.04889059402568
86.09804765406767
88.80998994383569
88.83694785265862
80.62807105207106
86.77966155126923
87.17208960334008
89.248667914502
82.31457086977083
90.91135826743621
93.48210185573734
84.35778326888325
76.33931700916045
80.8900929354881
82.37507934233383
81.07603166205845
90.80765063639082
87.53159535693045
75.6342369706047
86.65657509188252
80.8046967352035
82.73489819292196
85.2921244991935
79.53801179559161
66.817762062624
67.43056545124337
82.44907571215856
77.5949023716331
81.40483561642426
78.42875378913702
84.37256303467244
83.2732379336996
86.40346326634385
104.54865569122404
72.60306788751578
12.795201263963044
77.75954823075993
77.40356314077722
83.19662379435248
76.4739258894471
80.53532170545155
71.26224236426008
78.39453673487378
83.80684771843447
84.05029077716044
87.19176771653663
83.11745238570052
80.62727377550375
77.43871617798726
86.48362421798916
89.87515390318278
64.38197551832974
84.54956598544105
75.01933402669532
64.6646273912371
64.27674072180577
73.31624334916113
78.53816302444369
76.46952895900716
62.96595826457586
76.95265434321648
85.14973390990198
73.90940764151482
81.07319141259767
80.25417663989819
81.90384897925207
80.64928335954022
82.46303545878202
85.43340826453176
85.7696233472404
80.56680974748343
88.61970127636472
80.86554590817045
73.80244352698139
80.65573742794395
82.17006827779524
78.16363711784805
86.46054867302874
86.19108389253047
80.82279061260769
78.01798562024523
79.47738147538635
73.27586979671564
78.68482209082435
82.31318098505334
89.14470006857174
90.91916860886593
84.03309114752484
80.68875206249872
90.67239694776538
88.13551735412157
92.44489311918193
86.23471262265423
83.07098015982875
84.23018084096199
81.17884727679363
81.25841865426747
72.2314751574788
70.62631502102921
68.88835903400604
61.168954761597625
80.04411398437281
48.58735688517551
74.78614551821917
72.27362438135405
69.9248285335771
78.63857113231843
72.09715865614267
71.85381357563536
76.18836569347467
79.68996050803915
81.994105727326
89.50301371162543
93.45649397050329
95.01378483231288
87.46678393193794
80.18852202436761
80.14900423681566
78.39497629674794
84.11826057285852
80.64831479539049
86.81757376077485
82.9882566688115
76.09981119670987
79.95817561696151
88.1964254123519
78.33207893088525
84.5984251634068
87.26213093289016
80.01118423220598
90.29308347309481
75.23492889476802
86.70392335031484
73.8485385255278
73.23476776214677
39.65184192462877
39.52768479042286
72.26445930978997
90.15345297100514
61.46690297300162
81.22847134466085
90.91383628379165
93.98990505158609
78.5849683681995
95.76005422184501
83.92764024409895
108.47950531538999
89.37228661752714
89.92951272574282
84.10033572279325
73.44865228199245
97.11571223841429
86.81700122830948
74.41367183099487
96.94630336690669
47.22242527268225
79.7636011746661
68.56331849062988
72.781383728628
81.13606723647649
81.37784618935564
80.11446130004202
73.69191218923072
81.58877925789638
75.95081717303896
73.19683663216432
77.84913083399312
82.43758247588293
80.11966626736425
81.84214414303139
86.33281430857134
75.60292692150156
81.89980477320117
78.6357931538039
79.23169056905493
80.50999999697555
80.59575744554614
79.910079184202
72.590894898642
79.80483806451782
77.34457596098848
83.93659373901625
88.50735194154659
81.00053661021897
80.25612938275306
82.48203018299165
83.23568695998874
88.31159085503049
81.65744595658019
95.2184790064321
89.68063659999316
89.23232278955342
88.61033460043598
99.08462014762281
91.42909544833134
91.3909503736393
87.18174690981975
82.91469690765885
75.0211799876655
85.27622642762819
82.02620402213941
82.88688393234347
91.66509856001765
78.79512365400905
77.64903271434682
78.74921355852518
79.71058562428144
67.30515576165077
62.307348083966104
84.14282361337476
88.87729164577428
81.36676011832517
77.70467672388597
83.18372672329457
90.99038374036265
87.4754521956459
80.19431476250834
89.99785130175667
87.4700639103619
91.13615582834136
86.01049174351759
82.4876110325696
90.93424355145551
82.60899861682417
71.83841971048818
83.912712708407
75.95271701416702
75.96734462860599
70.96463131620195
86.71126972334305
83.4928300775661
73.95786072810168
83.62713156146876
86.25936379330611
80.1323764985944
91.89137089787975
77.82811871049476
91.11693185056748
84.02232003525953
82.21386659093946
84.13362752038752
67.76528516355783
75.24101896137176
87.52787341543007
71.87848221133879
98.57386165590087
84.52713972365916
89.86159081355571
86.41217063449291
62.779600771146065
93.40528578284034
55.91086352929612
56.796059309505026
90.46843016268545
72.86500978517977
65.75040947217761
86.04893239739025
75.1652086472288
73.88337841637657
69.39559927096592
73.9420401033966
78.96121262559383
84.99067727715882
52.87413571640886
-14.868311375653121
76.25789447563847
75.5074279981489
67.16883771153492
66.90742913540306
78.73679455695505
70.60006667779734
71.04719053279396
76.0748872646981
86.40974847103531
90.47891229043019
84.4070372963844
74.31993000978873
89.72957606687295
87.90126220679986
79.67030932770716
77.3139639805181
89.91888552808383
79.76720066182772
79.69540881723083
82.23649836319909
84.97907332123174
76.19719852651681
79.8302976537646
86.14125248614025
74.95494177227636
75.20766516478686
85.68960817415254
70.88458725878841
73.8640839371788
74.72470451098259
81.7180767621898
75.74774812653855
76.28132873369448
76.56412934488543
77.13512014223247
78.65494281432477
63.928838598709795
60.69190595264127
87.35682574073537
76.72048670265666
59.581587825536964
78.27593096991671
79.31385728675536
90.08760023779534
80.81078309663444
75.72527969709368
78.00030661397818
75.66632624346754
71.63302451617139
76.17954132098644
78.85612116582256
90.41549591239318
80.0632048755304
75.46127487432919
77.64302086810677
90.60778646308725
93.6972876102124
96.06712654458494
91.70540592208229
86.69147849345548
82.31294709895495
95.63714308391503
90.44655471001109
91.68411609431294
95.33995882397011
84.19340675778295
89.1065055163814
87.28542627797468
91.92978157284048
82.29826275553147
76.67049858555646
80.4569144075677
76.69683993053255
79.96420031344569
74.58337621615856
81.8259199866932
71.7308724249582
75.1408381157813
76.98514044341415
76.80357088951166
77.25226857736043
78.74896713872927
76.08229162112347
71.4981229716777
75.21146842576461
72.09172224919975
71.920875657604
74.29482993105727
77.71559711607911
84.87339501969932
83.59489710484128
84.39328102144796
79.46376434020868
75.7401903936135
70.60464964769821
83.90742731815004
83.81032387688967
82.80087226693304
71.25864084797496
84.54442704655469
82.6505077673635
83.52874379681869
82.238171056634
86.88477374871235
74.56154058237287
67.27120897261888
79.27252759310541
78.10626908119035
81.04235544723835
87.48364507219503
86.72668720947631
87.24697025819499
80.38180353109297
90.0977168814851
86.48324070318615
82.40340104806587
87.98447605550751
85.22401728553506
93.55615987430407
81.5178219991602
85.66684440859643
81.10749851274187
86.75449222934134
84.7353064637285
90.88728054568703
85.83583121276689
78.76363627996639
93.21848159830337
72.08864759725164
65.31420806510758
68.13907878469115
88.18541248941776
75.386514908015
39.30175455123291
72.33054858980054
66.39322376220794
51.92643964063622
77.57299906200623
55.510547165069596
92.51743001148974
70.66653627972758
54.834010583797735
54.62290863910745
63.54168284300929
63.12298603893268
62.318518758256864
73.09667409856199
83.48429101228528
70.33134449135338
74.3586671974776
71.37927804410168
76.58367039388438
80.1738048715744
74.7098316437514
74.71972947343556
75.44644157310279
80.6744633314208
72.90782397615375
72.68844830542041
78.14078399052178
85.63097211009729
85.89098616336017
91.24139839882662
86.8588667103472
80.84092217376462
86.25345470851025
81.5667035180155
72.18818359766269
75.01936194322165
70.71779532554831
79.16250720838697
76.89406780077344
80.09621553807818
78.20692500406973
96.48084575192064
88.02605628914323
76.97589127366459
78.33184013425264
69.0031548076988
75.44951336057463
83.59121216858749
91.03650046090982
96.85601885951787
43.67511858069507
62.04538387989223
55.07883940947951
79.74197214537061
69.4531438123246
76.536492095545
79.68341738892717
88.81726440571252
64.54058318728396
60.94187021129404
92.82355697856337
89.13503680632891
68.3360553083672
70.52905168109383
77.2503676901923
74.18765161871018
77.59404833165947
71.5222106195885
71.98010311012835
78.57185736293856
83.22346636126774
93.39678576945842
91.50522870171164
97.07548428731249
93.35404316474936
85.68483123409086
91.98329347220265
103.56845178401984
92.43987956748992
93.40844837320063
102.19695639151342
101.20929739031078
93.70388552183857
93.42424594788999
99.68817652461074
84.70106822394163
83.68350879091048
82.49972337859084
80.46819677691076
81.63863435525215
78.82205371624518
76.33139210467846
89.16750137925054
84.71804901556881
95.45756543255376
83.08476270015234
80.0229767683376
85.73763628406344
81.7307864590432
85.90304412157577
83.90320710434861
80.43331720012095
77.81318574899183
81.28783512680192
87.00260462792546
86.27995685184297
80.49646129909421
82.64940674890836
68.40494812397334
73.97850240021502
65.11257012214752
67.00219935842895
72.77594759823258
82.6499530059838
80.5415132935199
71.47096427987488
76.1628270802535
79.38334121818389
82.82390291802145
90.7976051788576
92.57406593060861
89.66947666327499
90.42413880016953
81.43142747666366
84.69946987206107
86.15017062364161
82.11230670362012
89.4797613488637
89.87134202950139
88.14761833253294
84.24673459563375
82.87698536774144
76.0876795092587
86.77007761417185
95.37445019241346
89.66386594015431
95.17079856053498
92.91091250895347
99.90620197445907
96.07490052636402
92.026090197327
89.56345444880773
90.11809497834932
92.06957153926771
92.7554165926863
93.40726120619678
95.36750834220463
83.149462873559
90.32769685462779
79.10406525149062
75.15981308522852
85.45343179096218
84.91113389209423
83.94182694235492
70.26753427660793
94.48332143102058
103.28924098230681
121.45508258789661
91.39907791029461
60.27099629882832
62.303682753076195
73.6010020941844
59.160665838571184
66.3506677793207
63.558099970880406
74.54077171574896
78.49194322675453
76.06462796770937
77.49843962085907
90.4157351138076
88.73247859424039
97.92793275602045
95.88304833485664
88.32950097605361
99.041539321182
88.86333306689855
84.02293549913769
81.2767768611916
77.26068396639478
80.14478281909993
83.86351558894323
74.56434396998418
77.98810458323906
72.07848397657342
67.24270404216175
75.02148841555952
68.31294568777665
71.89396499219804
82.00598769177394
78.1407587218618
77.04761671872835
76.30898668103862
79.61283954181565
66.90098653967486
74.96476492582467
72.20947515186214
74.32697098973682
73.55172060468881
72.4182424616733
87.70960648661426
76.75328575301737
70.38463581227953
75.46642858309518
68.11055233575345
71.35639774685674
74.23047666521262
80.20164680089802
80.11816844519008
73.28357090247637
83.18685332282978
79.93114447842369
87.510048574583
76.08595155437732
71.78502029424533
72.31304502665996
90.87098864506135
85.20842681115056
81.57662532795969
85.98845670829843
82.60435672811828
87.31670733803038
85.08795775287192
83.9740252994646
88.24728714856998
83.19462547423804
87.12874005102006
82.52174678416846
82.86340065279929
84.54526671894192
84.15981139729087
80.79246794557407
78.036041656872
85.7745414099451
85.08992104981502
82.94754884957287
78.74724000271779
81.91253931581132
80.7398031720949
83.25664706647369
44.89651970961025
80.26285596498911
80.36965190605646
89.09073576731433
77.93891718200675
83.00193385846119
95.18982806834286
95.1348502630984
51.36249241124179
79.80376915692425
63.95358137292937
71.26201112412366
64.04354744961869
90.35811010285681
55.44163424757059
77.13828412495984
89.22635632424252
72.26745304225604
80.79500300246903
111.81218576428171
131.2906102791287
95.94909112970227
93.8972261836343
80.09299099354082
90.77828766987636
88.18464772759515
83.06276337754076
64.85960183753085
72.44561888796855
75.09177754609019
75.61855450310188
87.51030415283446
83.9910294908471
76.53121448863747
78.8492411492561
78.87753798898541
83.79979972494911
76.38787589727954
72.6252494095029
69.42169639915339
72.91944308671772
66.78496749997846
69.41924979898052
71.43094998111988
80.06691341754303
77.63455273965626
78.05275583060984
84.59928283004662
76.30618970217266
81.14714393427548
74.1711306162835
98.2879216375716
89.31540760918163
76.32556488815888
88.61179451597366
71.71471711316671
79.29135817018005
78.90374858769471
66.33320182060241
72.27326495992216
67.63747823643631
69.61909996577513
61.72376531119531
72.75563222453435
74.32216108319206
75.69109269528933
77.80176032062613
78.91772923914007
83.4550689383802
83.02455561802263
80.42750275943884
80.44534284751157
82.085884034068755
81.62891876085394
70.80279838710217
66.90872485775257
67.9106284407757
79.47662266526746
73.89015195389412
73.3776464662982
68.74693969871318
65.31852417415567
70.2200468422203
69.71951842127793
70.00281174664185
70.87699702866232
77.73192637093078
82.37302725324548
86.69303265239569
92.54408403779068
84.69541979312503
90.04191584546281
87.44191869970881
91.57678074378312
76.96810826924599
79.81322251380863
83.89262890270749
70.80973612891248
78.23753156122142
80.94461787860516
76.91875704422613
79.409300349243
89.91180838590145
78.26627289913732
80.49812555710376
83.10823685999017
90.1563978352569
80.96437316244847
85.02245197976912
83.97358938835482
82.13320524642639
89.93922643465729
92.08662139990751
87.54201727074822
58.62329695444538
82.9981487103083
78.7551320394619
83.27171389049859
80.35480502053144
62.159648455949636
85.67397780938998
64.52599651561448
70.19915104499808
56.72305735512978
47.10288573333835
71.50720738590915
109.1668120594275
89.19625454983911
98.45043801311907
85.0231317033508
72.13162604412462
78.74190615754604
89.75651028322494
94.70675025140618
99.68939119905228
82.20002965186545
94.01725146584943
94.77411539240063
102.2301128322695
103.98129507504453
103.97226743335725
79.13519260515831
95.76769790732462
85.18453215320267
73.49834644241439
77.83862051912774
74.56012720429274
68.28686508573168
81.68563952760165
84.11331393493748
85.57622319668283
91.3760192627239
104.24516322122273
95.52618872889055
91.22867509920462
94.78599543613545
83.55382429768933
93.48624521027048
96.7560449688446
100.40223105345672
90.73384822597522
74.76422223660546
85.65299360147556
85.31663266887357
90.86961651715843
90.58248546084957
89.41231133496002
86.53021071059176
84.2255435784481
79.53789721508652
81.29794737214007
80.03759537616159
73.64911134053885
77.50622708691294
85.36075137259685
82.71379844101698
77.19572221517404
84.79545089270742
85.5978381072441
81.54401907396635
82.54349717204761
76.13429977052284
76.28119053273585
72.34870644866295
73.9416537899858
76.00197100222577
74.62276405564981
74.0617786653107
74.96876488255526
75.72543498617668
67.22022144086614
71.07864072339267
72.21656549204202
77.73380610324405
79.94965079082351
76.24118124375909
80.02158136343485
84.87503461221128
77.22273931046644
76.64298616227192
81.81344615576742
78.53894870106545
83.8470636957766
84.17435045492343
88.62038431982124
87.14150605825162
80.59349076255681
86.70901187204224
82.57952551699965
75.99283681489857
79.51426450379937
85.3523912846695
77.80859825429664
84.08457239520493
87.79439305135145
83.66025749240586
82.77320467115344
69.85413226895145
81.41725792419959
79.75396470411437
76.23201005885346
69.58414369977984
68.00580299629787
83.14810395871274
71.83989390730011
73.68055740509415
103.55688519633863
98.56855717935561
80.71716661961777
104.74975345445878
76.82982917309933
106.74586563786133
85.17167044027585
79.67059619299775
81.6841722889979
94.25168797043803
91.3670544370641
72.3457346918773
61.495564446900765
82.18661039734253
69.23555248541808
18.802028366879135
62.18674418456183
75.93525027811248
62.037541092445935
93.21808078177088
79.77183064146882
60.325561751066104
71.7160865260067
65.12902020411437
65.5324954082068
67.78414418009994
69.9481420529458
67.01800886316494
73.00961616859826
77.85395153234373
74.24685694376127
87.66879453954462
72.43845496307931
81.28323975108138
83.62707537876067
84.18549853196558
76.45624269109352
87.7045865417858
76.9806400912012
77.46274080016465
82.47850257072322
77.16458539027478
79.46877826404285
75.51107172272027
81.71257709980563
84.03094977739673
87.19759359793919
86.46740840944832
79.04322346964689
80.45794971604583
80.67275472542937
74.92598540201843
81.86839860139364
82.58899103785696
86.98529078364776
77.3664061625512
74.80178148008451
85.82634654685879
72.91180019101026
78.0648020286662
79.96290760059338
71.11005434115987
83.13746487732844
81.40171350353467
72.26757334096847
90.61997772647038
77.05025996174403
76.36588289410638
82.04913438154986
77.77679289420837
80.78691990170603
83.66812141985703
84.24361870950588
92.65908139194138
94.55568795054121
92.01757638669056
89.8135837815505
89.46349028140963
89.99140092374189
100.67663091477128
92.45367361570038
87.01802801248553
84.41864068039607
79.65027852415713
86.82086484788798
85.5591883294339
108.70580500185902
71.35281110672558
99.26440038411779
74.84198673183697
94.2331185972207
76.8313132958928
82.83056490726794
70.57474636583575
102.51034594586069
102.07674737106565
89.960041527599
100.36135365557773
101.73732822697605
77.61397603530378
78.26323898976878
70.60512139536159
64.3725453324782
55.674080964673955
93.81420197901262
95.79973937872182
117.11240961669729
107.12225176265505
96.03196733642488
89.02749285338203
87.3441415713084
97.70865436177245
92.72954368902144
89.28686222780675
79.74015288421819
71.66499565801887
81.37574646330445
79.35560292562458
79.84553097857551
79.34939286562852
80.31298318069491
97.0620664951794
96.6657916528381
92.64240674799953
86.89357592008994
79.64500287527045
88.82754088355684
88.17388852399108
95.50297616609959
103.5201363337562
92.73955311121645
81.72361326911262
75.96566900061312
80.55154549628763
91.15125211407253
82.26534899085817
83.12106028747537
81.62433252147397
80.64365219304439
84.82150593713834
77.8351793388938
83.5826896053964
77.38138684930549
81.54833607577419
88.87408244305595
83.67141711661499
89.89394033049723
86.76128629667895
86.86648157791272
86.24192467491586
78.85477569172667
86.77730395150074
81.78579650519953
81.89455631836586
76.35249934590229
78.76773373251788
79.96449121895057
81.44874782464603
80.15260948595683
85.96076476796806
85.08262698685355
78.8469218260787
82.09935654600632
76.16899798915375
74.11347359987327
73.15329807073465
75.28359517440863
84.13037750206817
75.7142789751135
78.71629929165744
87.68198011852044
74.6085801311122
79.77265096361747
71.22684705708909
78.94526064108851
79.51837789003399
77.52556953253833
83.26181673337902
82.12379212291464
70.66966117894559
76.39111260404232
80.75422690578203
78.00667424715456
79.21319378618233
85.70445766824561
70.03010296577885
86.60788569517902
82.60220378199625
79.34913768787192
77.30413856100296
83.43552254513365
87.93789319127931
88.28898105668421
91.14773457652868
85.51529198867341
86.78964347427885
83.95282794510815
89.17882043307714
77.62991046490504
83.86296835696312
71.90910628693453
88.12750558472239
89.40110970569475
76.0043104118496
44.65089825238481
46.54715169863729
72.01402038040706
69.31107870170811
89.11689930783457
84.66066771102359
95.25301082911156
80.803911425138807
112.89646492689883
83.81412951059303
86.45394217288428
82.2116092566435
87.36365460413462
68.75727276664198
90.97260700866745
90.23973546838981
77.58696013443783
80.29470492821807
63.8370679612244
89.95607265920712
96.202714631429
84.88836040582866
67.98185656356286
56.19358183152052
77.59880416520575
83.51086818750137
70.02378686550406
46.75252141088535
48.84108835573169
70.56914245457244
78.00975359082001
79.51433287997146
79.37326226373948
76.97935696469729
75.5156124091603
79.1671115072545
67.16412247903779
71.49355775117782
71.36621246031851
84.9170556585404
91.95770236513845
92.40683348466565
85.42620164131218
83.84230107897675
88.43629457485441
79.00309621614579
92.33296083492819
90.4247592798705
92.82913423558863
82.86310092644445
77.73820508936811
85.10907101416073
88.49718223016998
85.78149763122698
85.23118612604904
87.19528977854232
83.67927114418163
86.51123152467052
88.66306674783257
82.48832773412785
82.8057189119775
80.49058704690619
79.93105400269675
87.3265668281439
85.58131687503786
86.54276776621532
76.20930468341048
79.6414405039477
79.08269259579289
84.14945249997322
86.03110854814176
79.03992992802627
81.12574545658259
85.14311628375486
76.40637813783798
79.4271242923056
77.15058550701355
76.08444803639782
82.99992038065031
84.84672681836429
77.75519843813157
79.4334412912347
74.33192731095251
83.1841837366581
74.4495780501745
77.68837730436127
84.93723849132554
87.40402025497298
77.90750078599396
76.85843206332723
81.93930795500442
82.36836396966056
75.46750949429772
82.17709669767038
71.89975417107914
85.0938775502689
85.93681496003089
85.26535112196109
85.48007983896464
78.69280015437292
94.46427110788592
77.04686011453356
89.85808809376172
85.60404667578784
83.53484694716377
86.96301907065384
85.28335131566953
88.09080567176973
83.56186996519898
81.66703444850798
65.8969477399735
83.34373509937994
80.16881709298801
85.28029263532392
84.29207266381665
89.51183206553156
84.20566195572377
83.57110434992188
92.41965962188902
87.5923432686558
80.84725892167427
81.04131698699551
50.068055227034094
62.07784017643629
79.56880806026982
77.67243987460662
75.80818414508315
78.69892889894365
73.06391171111342
72.82676415232159
80.52419679946797
82.73717983154515
84.41271214382714
79.09129569690099
70.81323172692
78.01183848220975
63.94424924089794
66.80312098192779
66.48291436475472
67.88543924216575
61.94054915029692
65.09532970372352
80.28228048676596
75.04591168593599
65.12066687873704
76.08669549279732
81.62543018323672
77.37865442095814
77.12585133503835
89.67866605175294
86.5901178408983
86.13035833818553
79.55489793571253
73.40650464746169
81.35782336692574
83.2325826177606
84.67323284672008
85.59295923362414
79.71178019769138
80.3630198738551
76.87710114648628
87.08616053537432
74.59006753701308
89.81382413551752
80.33642136849747
96.0235919720605
80.99648735006416
92.60313540907488
96.09116193977843
85.57263125820602
86.80469193374263
85.41642558130663
84.68320944741824
83.13571177726642
85.69451500250527
79.6201218362328
86.87461257142101
70.03475769695218
75.02735696083914
68.03380896822432
70.89890509851749
62.152894206867344
80.6134295873563
92.02857336115406
90.8494560909282
87.5798272521969
89.27919630113232
90.54053895265591
85.18859518884369
83.1123352750376
90.21773794489155
83.17718199282628
93.67170466977268
93.52824509873747
85.33927535155448
80.60594712871946
78.60143774756949
76.22471725674514
90.4643411534493
87.64183367399343
86.19946379938507
81.1045069945576
79.15052736060947
81.20221007721545
86.83673105719554
101.60105451019625
72.20146274699883
79.96315047039913
83.75026656362083
73.32755706592405
61.27572015260357
67.42931384575577
75.88428382971145
88.51001691769498
89.67652829941812
88.46107377423961
74.46895813014024
78.2033212136517
46.63564088514844
59.201915354948156
65.50039979891164
37.7830220796602
69.68197365457772
55.35095660390164
65.34020075228065
40.85865883005287
74.82409547611448
87.04544036328416
64.74946948192759
64.40597596413784
69.42574501684702
69.80909589648539
79.15849324821158
69.42326715667927
63.74420830848187
84.0583388152946
73.41059374328671
84.61741544214246
90.25716204507464
85.04349780940943
89.5435609530895
87.65198882074357
77.90718336815165
80.27852677104335
84.84809553689652
84.6746617640134
78.94492836428218
79.7071141744997
87.93592787357744
80.34373017123822
91.78796059684748
77.09548151336878
81.08794169999696
71.90745096654172
79.29134495387181
78.28669486218145
73.41430464220487
78.85509296055716
78.55815772764913
76.03422929113928
70.0626506162271
82.28133018261575
46.35624404280681
