"predict(m, newdata = df7aEval, type = ""response"")"
1.6363558680955896
3.94996366689706
2.415663332974709
2.417753400158505
0.7848755045665705
5.637875640743955
3.876285163956461
1.5439355190677087
0.2298976649899244
1.394913924342751
2.5840619325204606
0.21562748332124654
3.539696030602744
1.3563655948125226
1.0981923061214196
2.8012757008037954
2.4913728680846177
0.04479949268332555
3.6862159179817846
5.415634939306813
2.4053905826921906
1.7003258143011128
0.679028652913116
2.503448905838445
3.531005529349699
5.585489712284895
2.8857560169586236
5.713740580469101
4.529020073327471
2.45503501948985
4.122548675505926
1.153656754129136
4.211490708535479
3.2277453295046556
1.1983710742973515
3.72447598552573
2.944213754572243
3.4339056533940937
1.3746080500822007
0.5594411911928061
2.5834747555401387
1.0666875386371417
0.7110268439069677
0.7422959270441125
2.8828635867883023
3.862264196497472
3.0868679224095366
4.642967120140276
4.099305880888351
2.4122040070885373
3.688889690492088
1.1234364673139117
4.060010523283597
0.2164385722306366
1.8890067557010248
2.1066270815674866
5.4657545082881
4.322827428515952
1.8528941037826616
1.5122628144514634
4.779963326104355
0.8417153804248222
2.799800464257421
2.661709885547699
2.717722909537922
2.4054359339639872
3.6102120643934965
4.586168395171275
1.0836759688425661
3.646601992881823
4.227691929419802
3.463656437705785
2.624915286732349
4.748330808165006
2.2107115176790737
3.2574758531130827
0.4966847690375943
4.444907928098629
4.58167164766985
3.960380861143504
1.5923894230443765
0.7643560526703274
2.411980963154845
2.4857176641670455
2.985553127264487
3.534358165482214
2.6455267174897954
4.612625575005603
4.528893452013053
4.714099304178543
2.434012520164808
1.7572665395205316
1.5547130458258698
3.1596390912810954
2.7214866680199274
3.1875887141008588
3.663369532378001
3.561698689921315
2.3113048764907744
0.2412841424500602
2.849313564436451
2.424501455539272
3.5980449551922327
3.7531142915187954
2.919741505633843
1.832629373467884
0.8364569266466723
6.589404478127112
6.00704338026937
1.501299314074916
2.6225307080282403
3.6372600399711783
4.380080432713703
2.6740764198656097
1.1515900805407333
5.24211812956615
4.900034950636739
4.130742137248382
1.9910230635096973
1.2088719989560393
2.904865345897913
1.2182906634941315
2.7836964687125554
5.740358166159838
3.3061010059999187
3.5221579362085693
2.4197273526316745
0.559114741839244
4.599720094656222
2.8649414072688595
3.622059717198561
4.9053171073875115
3.014177160187348
3.347815103322037
3.041684397960352
4.043359064994252
0.10464749336431499
3.6518017443385973
6.381211829033278
3.0573544505088766
2.999994018826765
4.701383785283324
3.009094784330271
0.6264872433791272
2.872397770419594
2.2231644426909205
3.6487368565385716
4.042930927509469
6.399407877260182
2.4431113788008734
3.5234725446603528
3.1044076776371186
3.4915685916372894
1.2024716492450251
1.1623707628696645
1.2911850780841614
3.036116992152695
5.530607970304297
2.6754768832045537
0.8481935168756038
0.8700510613310846
3.7247069143268883
1.7205102426907684
4.140394999462593
3.971389600819722
3.657555235951116
4.019000062886509
6.126541560765154
3.5410103785180835
1.2902842285603722
5.353377951759693
5.0551580010673485
1.3147993019279696
1.513443002205944
1.3123938792166945
5.464015956714938
4.4702404023204885
0.9840858065377674
2.8307501578409124
3.6690267028794032
2.671562080027704
1.2150196935849713
2.641385897374606
3.4885151404927828
3.5310388263829284
2.794055618783629
1.0681144069787312
3.663827690115775
1.0887390460447868
1.2320857555136295
5.098045482463972
3.830828920779204
3.9888083142153437
2.535605846507186
4.615309458109484
1.2517311005346108
3.131972870376174
2.9481958012307103
2.12167027827482
3.671034665272349
0.30906598112940764
5.121413380829314
1.4343322021705773
3.826067713784859
2.4484196732743833
4.586833053274463
0.8987465095472928
3.2019947835586673
2.9721713983380087
1.5665138608751383
1.8287082950083953
2.221872210698826
4.5659909693157825
2.9027181301098905
5.301830204646029
1.3006389434067573
0.6921768683295977
3.853031048183339
1.3677876503188073
2.4686768831739005
2.6528641741926124
2.5311070284911588
5.316615985209363
0.9921001586125774
3.6793900649345486
4.661461547685422
1.1170831853814662
1.9516556177194437
0.6713287575195972
1.0872798153148238
4.016094008718483
2.9133947025413773
2.7406002053902987
1.7852454015736552
1.3089333694098866
2.4936035618911307
2.387370499795666
2.8450720965215566
3.110370571527586
3.7746887678788448
3.433401092517792
0.3482966646924934
1.386541648604694
0.40945746644974496
1.2791070830262783
1.3025442382106216
2.6544848628362105
2.5825145732309984
2.414113919315023
1.2006052762501516
0.5885733876230699
1.1650330727849443
1.2218656269783965
1.8378953893403824
4.03642953858764
6.071431027791924
1.275114686292831
4.37523491788413
2.950542100688598
0.9982037619997604
4.078923916258499
5.651390178755353
4.1975916967646585
2.6454338277307263
3.724406980375514
3.5113530866073126
3.5559982652806226
3.300382495512198
1.9299325172972595
3.985623412158328
0.7413941605823542
3.6403866306419825
1.3599342733077666
4.465625732450276
2.715886519144469
4.426874800047902
1.2776138412561393
2.4501699006031035
3.618822257417952
3.048254236850994
3.675002353308011
0.9301847999841786
1.046132094794968
3.9836105149511796
4.115236980112031
4.444186300298055
5.120837746123472
6.05535822475954
2.984606395731424
3.6393324142465193
1.5317292435656524
2.471242840131026
1.195667838771015
1.3511875145879113
2.949182540649065
1.3380425357952344
2.032998896758592
0.7246365460599027
1.615861439620612
2.7786252735931343
4.402453551422362
2.7818167706759493
2.3164253403637485
3.861732335933386
5.2112081713650635
4.451690255780758
3.0125318822762472
0.4993633903579518
3.239477412769984
1.285146660178825
2.8654403690462718
3.697833934022771
2.8589408079173473
4.09080172829894
1.9370546678914298
3.637102373489707
1.5389986535997244
1.4982253622287498
2.8665768357292842
1.6769349501674258
3.2670421221136685
2.268859824149959
4.018414709953262
4.346115168071938
1.215725967580265
1.0950445566684048
7.102880087110507
4.675113299689304
1.765534234130648
1.1485995420427695
5.659755589626098
4.6076939198756595
3.47627997130908
3.0723950311776975
5.588799651705581
4.1956284014630825
3.952076801058866
0.6635466950245679
1.0855761253681984
0.26250722760325607
4.136114931037674
5.876300338097291
3.8954607304623514
4.0352460287733
3.3701409345182904
4.720778286168026
3.884117652697958
3.5588420531411797
3.6984267666773563
3.3705016127135665
3.0324114512327096
2.98532259667113
2.7109746224803484
2.9951635647996486
3.72989839575178
3.8999934575337125
2.2571922895545073
3.308713542424444
2.746487067071551
4.304503265947287
5.693656194485837
3.1011075206135494
4.313081292310098
2.3565171880430915
1.0404215781913444
0.3662778063561469
3.2492221514829063
0.43529322054295544
4.702465892584649
3.622057154523359
4.5374708724662565
0.4793485972065418
2.7168760546593376
2.9238667955466995
2.564405789789323
3.2908155954006357
2.5615453493371736
6.245336711825821
3.3840937199478733
4.233429382803479
3.0208468121112513
3.775457811216808
3.854889192507609
3.0907771827969848
2.5846575829529845
3.589745423931474
5.010625156690793
4.011726386505469
0.35158586044603773
2.9785817795653347
1.6973379195158125
1.7510635051659809
2.969798137327981
3.2813749356919897
4.382610361112525
1.089137541678195
4.435806569092234
6.133025072490234
2.9659186346386353
3.659115443162344
2.997104757116102
1.441770291125629
2.3862833562401984
4.135395960818047
1.2527919230430098
4.118093309899699
4.731792270682182
3.6280951685226244
3.766473400205784
3.914761161740212
1.1479823469245665
2.9984193095046487
3.0263899892155806
3.9472868989023167
4.659557078022253
3.525876052148856
7.326598124030922
0.91994338154832
4.426972405563124
1.852337024001754
1.3366897461440017
2.8379739877580352
3.1834558063897007
1.6593654268134392
2.7964112547201267
3.044802705018559
3.25440116918
1.3333614286415005
4.670169822038729
4.940816013518251
6.015371487537574
5.000840415795953
3.1921280275697512
0.956120509352061
2.4094116385404343
2.847102970944337
2.877501526284121
4.3395168195468985
1.0158231240435043
2.510677732028564
1.9762779710656422
5.111887277527068
3.0310494856493584
2.1261422190151364
4.767819086280018
3.0223451786542954
0.7978103600182942
3.6162039684520493
0.23993926823989792
4.648802541926147
1.395099039926906
3.643014326917633
1.103359532452289
1.2302011970820013
2.9019659532932995
3.7241652907641583
0.16789407999386774
2.648397540476738
5.076693980962776
3.3033053960875565
5.274771540423891
3.7759694533609833
1.2135087259892237
3.508843407083983
3.621608665428586
0.739073790734993
2.07125762676761
4.50551919158222
4.002416739841276
3.1806884988833506
1.2510230810109106
1.8061340630133431
1.5654491659184406
3.0128141718491737
0.5679309535529198
2.7432852096756926
3.882519139065509
4.149186862771202
4.447886543411075
2.8421644700039383
2.436522533921205
1.0071003711872055
5.097735680603667
1.0844300276303869
2.0172442116327787
1.0426849373750033
3.1293981436006306
0.5543366901993855
1.1226921524706974
1.2652272387848058
0.6755435271229586
1.8607239201695434
5.331724020107959
3.5903351454711125
0.4903435495699845
3.7227425685564706
2.9500723789126897
1.6782615060084323
4.8324614824166625
3.787971446238595
1.7327969851481377
1.2535524753464162
2.6991433370514843
3.7083930930857494
3.6427745947234658
2.985484961210542
2.5105195950104076
3.126037735648118
5.114791006553721
4.606971414738151
3.654432708229898
2.544699836413025
0.2570778158956907
4.890038284496079
5.288237922116777
2.9596803593426784
4.585415252313977
4.304779393140986
3.4369796412801508
3.618202755336157
2.9057685444510506
3.0793491285669705
1.7152477456987396
1.6942165275360634
4.185499224512036
4.510738128243363
2.7386469649513563
4.249924104231674
2.9469845651393762
1.5764757193718864
5.111808495176268
3.7355614797409764
3.5868053009608114
1.4891685644611852
4.7599583685891504
1.6223365410348844
3.7349481487828156
4.366039677089894
1.3192860216656774
1.1491769140154848
3.6657141156470066
1.1463309507396249
1.2852588049819254
2.353375230820372
3.1758035285981467
1.1465162793801873
5.661970892204678
1.3582449554369764
3.016906122738065
2.729197026014605
3.6018905520420383
5.594088358157831
1.896550604005787
4.015022233197666
1.60795364700083
0.961284327512572
3.049954035446028
0.012361949254975387
3.746583633788927
1.6453348305267796
4.052111339388049
2.84523819397672
0.7569478403946969
2.3893218112378958
3.6010947982435426
2.8309292928208585
1.6808374244923991
2.9713051634180614
1.514889895046563
4.254614248744449
3.6771471453185804
3.697564363584893
4.875501124927187
3.1583985377105814
7.027617409683686
5.292029118395812
2.9204075239160887
1.3216850105426177
5.02757229045885
4.123627909096818
2.097846424520958
2.9718557564765193
3.896764419706457
1.1421445011613056
4.480262525269575
4.500317412062768
2.921081868697221
5.881840234664789
3.85152626909604
0.6351848758514803
4.901571472171063
3.627233213248635
4.29820290511805
3.6131316067772765
2.9678427908855
1.3545453642168086
3.3460772082975363
3.535295299998106
3.475164193356205
2.5129121029372063
1.368732593853999
1.527320999938867
3.104042549283495
1.2139905134653561
2.0910769511103964
1.4697701541049886
2.6756535169691653
2.8659834715137196
1.7480792148468243
5.1552722288296575
1.4913426170956605
3.7080761156574185
2.7400259716351036
0.889937680881697
0.5705139129122498
5.390894199393845
6.238048742024883
6.343166347715675
1.3765938087377385
1.5992601814403198
1.6401519306924826
0.5751427137645565
4.361442912496835
5.278553633796809
1.4068006384833058
3.9135332474304385
4.6802027973032185
5.028082246864545
3.1335801265820376
3.5338082809345863
2.1802610565679235
5.088648851920698
1.2272135251226128
3.5516648179744372
2.5766928355466887
3.7878475467893087
3.821172683534284
5.721119594609546
1.007589598613059
1.286691097318779
1.2609469749506128
3.9547948379753346
1.7343084737463386
2.6303280071288073
0.7990501277636393
1.3589823776909404
5.3299143553164
5.679595618166286
1.1336605542254459
6.527455736507221
4.16465892045538
5.731390654985625
4.404271847529115
5.08802257790988
3.1314725196403006
4.859286264693857
1.3299566280996575
1.054551324351302
1.5395690388846186
1.5512098072022198
3.395480428534832
2.5751879426747686
3.794637869986561
5.171021545958104
3.8997881418794647
0.9600140264045096
2.606496057799215
4.1576161463207875
4.058008914876593
1.0150009761123313
2.8822820483417293
2.9699130719608533
2.929016976406545
2.9114562047705568
2.3870800211324985
4.185569245739537
4.200298028268349
2.653239420772191
3.0200323324029625
0.8077204156206859
3.7447869992691647
2.967953857515547
4.40121563218975
4.563365115192094
4.566381007342135
3.979236657049244
1.2533964353676408
3.723427327937336
5.111711486915189
3.6349212406022735
3.398883147742341
5.237580050615494
2.387202113312321
3.493357568766218
3.8868104337286944
3.1482309827889345
5.372919764184573
2.631566882199471
2.6025983522268996
3.047405329092707
0.3073882364251857
0.4709967693214574
2.2967322329763493
4.062844095718734
3.980541273540076
3.183884693697158
3.2213845015962703
1.16182559868183
3.0428234747658
3.8597098969733743
2.993981709564155
4.4822771808514075
1.3560778476033173
0.03293125539301305
3.702760257008007
4.746787422285558
1.7652556729275979
3.723680732863462
4.83444259240969
2.929067111931454
2.5027520484959576
3.1866830246406903
0.17163498267127256
2.8570141934812225
0.6636918010762998
0.4794379387054989
1.405265603136816
0.39879427289171615
3.041537813564608
5.760463496690853
1.0993855822546368
3.5464424065628175
3.663654618365431
2.678423809859069
3.681660927053083
2.9139588131460297
4.019611344955611
1.4812234776243276
5.071254644489155
3.223039641153494
3.5061697541260535
3.7311618743115296
4.539775284843292
3.0079235081035294
2.972127630277687
3.3362669567799443
2.397771452839744
1.1649858839247094
2.912076671191564
1.3313277833486958
3.4907140975113444
2.3844414469162065
2.523348181721245
3.2649472876950245
1.2205622084427403
3.596366978530259
3.3384630020808377
3.634244705042609
4.176681966066033
3.11948911380764
1.655112145414713
1.4982054158200404
3.0104889092547995
1.8253240561417352
4.621375211048907
4.452943802040515
3.499626597211623
3.76492471217268
1.6852026895039407
3.683831210449774
3.3278595313148935
6.134213215514947
4.798104787445087
2.6114061887238105
4.142400441549849
5.0273248344828545
3.1031527563332526
3.057047470287112
2.195235190548924
1.1006849454765473
4.671780333932744
4.633052509677275
2.507019633846521
4.133050342898112
4.499322040238564
3.6010931632132617
1.3317657658441375
4.328008879155762
1.1142102089558221
3.536203227708838
4.521241356442608
3.8436778931190476
5.150858660040175
1.077630315274867
4.132816579445151
5.302923283067883
3.3791918535227716
5.063974294362006
0.9297446650659412
1.9833354122358957
3.729837506225589
5.082671381013078
0.8891066859360164
3.6210789015207583
3.0914582140725613
4.983690130356358
2.7767193181208953
2.6958243553149512
2.907161184497718
3.6674227526128744
0.8025380943679784
2.4588024601434864
3.7903411944614716
0.9035561824254743
3.140632925690385
6.029992352786962
0.8251140769310363
2.360161079670154
1.2499285013361614
4.996977509445397
0.2418036370495669
1.1839087993708977
4.557912645415974
3.089147738940196
5.7672987048991775
3.1463285128370893
0.8603752609656231
2.4363314824014157
4.2238213597161085
2.748986375487063
4.972019877415369
6.488653537157537
0.4104405142701732
4.995807749683081
3.2500293265716134
3.810538111692891
0.4975777240346168
1.2356813692184587
2.309063565261342
3.070477753053968
5.183860790062178
5.009295052175959
3.5602744232453913
2.9062288241014658
0.815437901985372
5.038696510909536
3.6968951815531113
2.8855178334554807
1.551851446579884
0.8526127270313162
3.623364158395038
1.5029465410005989
3.093637290449132
3.6770825025454634
3.0339635323219607
1.7346260569122223
2.3554627477908556
3.8154169353424647
0.0794264140408225
2.9691005377281887
2.0836941468953443
5.083068565752852
2.3531997795380675
2.5831250573474858
5.149516756861427
3.9082666949663563
1.185670484101705
1.2609907298131475
3.2573706033687047
2.367394617688909
0.1744997286065821
3.2238137227823205
3.0583178005541174
1.8223250006313632
4.080469061251231
2.999998491014021
1.6415461275082353
1.6144415744184137
1.4430303055465172
2.32368718088565
4.434164356295815
4.193547389270821
5.338704149233624
2.5902174062229495
1.3324340701741713
1.0011030005531572
2.5942801470643717
1.6496132487916515
4.536419266570021
3.7530423829414694
2.3189118136670253
3.906971085203747
1.3272770560240565
4.141454049493937
1.520487638578434
2.8669826801378937
2.897740585674044
2.145386099023066
3.6252266349773485
1.2572118927570566
1.712499606705892
1.962408916001239
3.59057157651005
2.3992013576837365
5.990740742247258
2.0986998174351053
2.6723628467302634
5.064195844107408
5.088805653021403
3.396003732968903
1.6524208537762546
4.3992286588867495
2.2769483918842077
4.3184337881760575
2.859115250253943
3.9987596093615467
6.515684782043632
1.49688013457337
0.928953791294187
5.860201810083137
3.801557323160185
3.6832127154736085
5.59964727033629
2.4515814183471973
1.6844109305346346
2.7164907706354096
3.5474009815966965
4.017115361475846
2.7527808639948756
2.7053930227820007
3.9651414506318563
2.3052653064481694
0.8720353241598398
2.6300194024391934
1.927412939779396
2.627653529799261
2.8458537688056036
2.492406047351991
4.941065139506952
3.742238906707689
2.356956338999582
3.6969996809213383
2.160835801565611
0.7861503993146712
2.3110593462972533
7.066057602794142
1.3006453429992757
5.337759794799328
3.4106525473872775
5.686417626348102
2.992894583848329
3.821759692132957
3.6760407518109965
0.24539437899615485
1.3166209007844418
2.1552977089509007
2.8636766577878916
4.178086682240195
3.535872432876733
2.9932267599323357
6.93624735734412
4.077849779143996
1.0348116649343846
1.2724472871301
1.1618958508759765
4.408185612070633
3.546254602979792
1.1417659832651361
4.579833995226935
3.5948225143116534
4.616781304057695
2.9862189962326866
3.916382074725261
3.3655629898386774
5.8654689275717296
0.8160885544603685
2.899329056380866
4.550973574279613
0.70750255980243415
3.4416367380870274
3.0062417584367847
4.951488918530723
1.4898385210312117
4.04651730847367
3.663060153779046
4.707595783478363
1.0634567563958515
3.6927755922655376
3.1204088220371147
2.549417699753831
4.182333777178478
0.6247131211739381
3.0576991354588383
2.9583950083253754
2.744026476932156
4.045509176067084
1.5153181324644092
4.3613823210193265
2.519662426777911
3.7430014866142725
3.5080858446961387
2.7838695587913547
2.758692559706492
6.9728832727662144
3.3576166227714763
1.0555697585673713
4.59806542808596
5.349999325086383
3.0590313363992103
2.246092521628282
2.3353205842986755
4.390407932782184
1.3617626164518193
2.7890102824683547
4.089760384348031
2.464664835748546
3.690627834297626
5.109537113270705
3.2943364486468094
4.480522157767011
3.1217032924168446
3.746645533311687
2.622816187747934
3.527901233262853
2.3426849731084456
4.47064044985483
0.09339389492167725
2.9122640252468504
3.861879791603191
1.2854497093539416
6.324313603833572
3.02551417068621
0.2581232203314644
1.2088446877355865
4.134210763123888
3.762194245311567
4.407638957393693
3.153639440839573
1.4549943255384967
2.615058634545074
2.902061306271112
2.4127034443304223
4.208017725968875
4.0603979605091025
3.481920529562273
2.6810683430087203
5.08931001599599
2.5383360301614077
3.4539020208967703
2.542602578507319
2.2319975624276607
3.4387995706295476
1.2918415020523626
2.8854747765776843
4.631749139724389
3.6342981838070667
2.3237991757810703
1.1036208268430483
1.3825336920602027
2.617516909035244
2.6144555699607417
0.8607966030427641
5.135275423154738
2.30796923969923
3.3193837995724844
1.0575943264562233
1.273611937854725
2.386810686457254
1.5193116906017634
3.0888610912092918
3.7290572322109936
3.8005054956503246
5.170558397641567
4.712398543631678
0.4817030570148695
2.211876299280637
4.986568973363705
3.7746819105985954
2.6048583138751846
4.165747204823397
2.189587553913787
4.055076249086527
0.3212315521217996
6.219179430924265
3.7006725804788068
0.9499275951149349
3.574404265375056
2.8952327601850856
2.940389371716133
3.1350500366459215
1.2790196012200725
3.436924330430786
2.920374866581859
4.531469700692799
1.8244361257024422
1.3037769898855087
1.1415909247198148
3.817443162023298
1.0173930005337166
0.14664300546145528
2.6761652533031146
3.733758731857171
1.277043132062475
4.934168994712935
3.108970824466458
4.827158947979201
3.9009123651285544
4.465308205277515
2.965734745287318
5.101432505842007
3.538560699170015
2.855545886686922
1.268363283415849
4.752672733579129
1.4900065426052795
2.9882889632211067
3.7122424637025753
4.8007991110390495
3.1088185875978267
3.666515840917825
3.752907767428463
0.8711663211093427
2.2908575335485746
1.4583749319648154
4.036962339373076
4.499151842076019
1.1532941279682853
2.9003399477724137
1.327503156793713
3.6016176691899005
1.169396102444338
5.801150592604022
1.6782038009572953
1.802335857742092
2.901793925028318
1.0642157622136965
3.242527824187528
1.3661743382086233
2.1195387310027187
1.2913297211683308
4.014363656126923
6.152251711130034
2.7851096237399453
1.3932275148371096
2.9264891553121566
3.701711269188486
1.671196654162164
6.905602636441454
4.013443136903024
5.249519414691647
3.2781600061721523
2.136942179402195
5.681201262484171
2.922993003231628
3.986958255228222
4.716533992763708
3.0896300054152794
4.700228657502743
4.260186232162229
3.8232803145047916
5.321245625502451
1.4027590773830005
6.17455566559056
1.0103635790499546
2.8743249786608045
4.475224685849492
2.8379063976377368
5.737925149125567
5.1826935289134255
3.9707909207974317
4.982099434371486
2.4881427794270015
1.1533184266938383
3.606997879830739
2.475362716237949
1.831258009827642
2.3536664399571787
5.779949998672179
3.6713602548306383
5.5382168850510904
2.0327358200860437
5.086089276523453
2.8774054706541605
2.716928702683108
2.376334572527507
7.100931464119916
0.6517518590126401
3.861878206899498
2.660017569360156
1.3597722509518222
2.2977659707282183
4.6085288264761815
3.1469825724106486
3.776163947116765
0.721340662129903
2.4515482408639118
3.8671369902036425
5.877844350193461
2.9056844028834257
3.568527479663892
4.8030739166792955
3.113490206926715
3.1097420316161397
3.3568039321867937
0.7495572627439661
3.796212658883188
3.8098382783297744
3.1058524542861394
5.716874781179061
4.022478980425672
2.6019810467880746
3.697320928399934
2.3915305590864064
2.435884810998339
3.291307529986265
1.387931642248055
1.25494999615159
1.263534998670292
3.406536870434435
0.8052204154468813
2.710011490411245
2.754991621583295
1.6344817334666955
1.3933503324948122
0.2273857452166937
3.3868136834053373
5.944211007765489
1.1598993719116828
4.630729340292982
3.091471314070012
3.2744514294476224
1.293162230070418
3.855737831948454
3.0405773672866294
3.823310615781028
0.4602420566084907
2.960394486184023
3.155235497092919
2.427351840374231
3.7055221119911854
7.022451399985184
2.7278231789893117
4.59630524483421
1.4978471463595389
3.144940624361871
4.913106576686644
4.168721778350617
2.9526991895264447
0.4115737117140989
0.4021651634510373
4.067291841205559
1.0587886615672493
2.9353180495404136
3.910106863494662
2.625227596247484
5.013856606357319
4.339741913133694
0.9276644812886293
3.535185479408295
5.148668844202668
4.11663799258088
3.555131708789956
2.9663945743529134
4.176747833118737
2.5540622731377316
1.181732804204476
2.648991506586725
3.677468512679201
1.460681662816503
5.5668425541582005
2.6436271101363484
1.6753767685995271
2.5395747888145
2.4525845751829656
3.8948079853370747
4.449267059383448
2.690858999800583
3.5203028411511084
4.174777070731154
1.15836364193042
2.6560163918895063
2.84080720977847
2.915023318178355
2.22785728220629
0.8777430787190637
3.6377001894416576
1.5890087477459192
0.9282859227378386
2.991675271338291
1.16655940336954
3.4843557096017044
3.5170532328779087
0.28324433831802415
4.209002888064869
0.8951000143123782
4.5200737301896545
3.665955608353826
1.0722614751461468
3.342304167305633
2.5598235582984414
4.607654459469929
2.415213874942191
5.550939805712662
3.9702936726116635
3.83029045731862
0.41180039589624867
3.5798076210024785
2.823952464131404
2.5747849025129845
3.3487099099663444
3.517737934931031
1.3964804235033148
4.679268663415625
3.336690161971864
4.481566735975175
1.478912501172232
3.763361774218244
2.9080029475473297
1.17349251911987
4.554646328433363
0.9632605935542777
2.906177231105963
4.966130301277365
1.8753598781947922
4.393967834304572
1.4430384521280202
0.7099332291834077
3.80418277638685
2.6991890748572365
1.0606626145965121
4.532639041842136
5.045058670845204
3.6848099616247336
4.99198978538177
7.095067225668985
2.648894468510833
4.0521821080009035
1.1233027216498566
3.701086271219112
0.6343836516953648
2.943258271157863
4.134131477588381
4.313450825979189
4.514178240939986
3.6941371260817015
3.720630180137338
4.703750398647637
4.451959956298147
6.680925251141288
3.0245391118218325
0.9401371729231868
2.9902024358887
4.6283725623385354
4.569549540523843
2.850057606574253
0.8216349999107913
0.6181557277345476
5.132156318732554
3.6894516999438833
3.0143930481785115
3.71930767777684
2.303372806893961
4.518178831698817
5.677872896885359
5.782616482402362
3.282524880405366
2.899001972444527
0.9714695904578132
2.6254058498507087
6.084790879483018
3.311152876802705
2.7930083167734
3.6025461068914
2.5272444906663907
1.1673221535968334
1.969911471824561
4.408321600900758
2.9062563203748693
2.359998471388133
1.0843783859827145
2.273536708998746
3.6635728112911927
5.523158584944016
1.8078270341760687
4.661794240327103
1.7046253980400325
2.02572409423271
5.0726670370582365
2.748147232805073
4.9592760185278255
3.314389935048359
2.4743656119978272
0.9729219000705633
5.042009604334696
3.7083991906875955
1.4882656308009818
3.602652499617706
2.995582407394871
2.933531158122419
3.3072187801353716
3.7228566109853434
2.7222354960619692
7.016025581312515
3.299536054092954
4.185446386504642
3.201314169296169
1.1968889898367632
3.8051702592299352
3.7112811115732796
1.3624867795507902
1.2700591659114011
2.5013054690702683
3.3295296838867237
3.9342217791486838
1.2616167190173175
0.4307197329996188
4.1979896999903374
1.6508291525451004
1.282206150683776
3.944934228843912
4.572757123025162
2.872715958261723
2.629787496609748
1.1493048219846411
3.6251624097378943
2.483110125992328
4.341628402743721
3.3370912496008622
1.4633272560766604
2.1688403274366275
2.073758199724586
1.5764996675071983
2.5529896076887555
5.6012009882435585
4.533582651744708
4.109257111313379
4.118229406456725
0.9982712626439769
5.041662563643258
5.413998837869673
3.9633171447434346
3.405223007458201
4.095789628626896
4.083614423700273
0.5348134772276175
2.0770070503816127
5.560141539234479
1.3490204992573152
2.3217209893822575
3.4903838223805153
4.700765151885379
3.778162904517568
2.625563771859351
0.43110369662049064
0.3389360405059033
2.658783136713591
1.4430901309456656
1.5197409786403258
2.332232496996706
2.5741411600757154
4.652660399786914
3.333438643907745
2.4785958571996285
3.084626712599554
3.0043945572592823
4.529044677755944
2.6849396836744353
4.304382420934802
2.593243000096352
2.4650090308572947
3.631487266387423
1.2482691300422462
3.484398672706526
3.0453435576210803
4.106193394300443
3.103781983515804
4.2066143280781505
1.5327319474008578
1.5470471938989856
3.5099709629291316
3.662621513585801
2.381646598177323
1.108189483474993
2.4038384287884904
1.7177386817594233
3.3544724970466007
3.6038674799724384
2.665683207408586
3.264169119901913
3.181625320517217
1.322274260463922
0.73436574221916
0.9395564487625557
3.113223736041032
1.6639038897513192
0.5629921610138463
5.4282101171604955
3.5420952446903775
5.416811306717244
3.082369170869333
1.3693588659211164
3.9571532706906623
1.4502089349353473
0.5525688832242303
1.8293356306279371
2.43730979893583
2.370266859410657
0.9914707198513624
2.4851264016357684
2.5581511663095875
3.6546477678950477
2.155561731476281
1.1809497447514576
6.37526590591841
6.1445480883864265
4.150263533804593
0.954759937867655
5.3289955274184555
4.215720460031576
2.9468941568423266
0.9757837611905245
1.5495454859474944
2.5925862738270444
5.102274381998881
4.266244822988517
1.0576187212026888
0.609532101320755
3.2640741936628226
1.117803776985786
4.090072563391074
1.189097560551349
0.7364886674818287
5.172592275015455
3.9989667017702826
2.9439193000079977
6.2510999151463205
1.1955657143842615
4.170601959053471
2.7853682289185153
2.3712072636861943
4.296591720866222
3.2554309331323616
3.257095652854893
3.3069268304669226
0.1862943910208963
3.683319238256763
4.273929234371248
3.183415603200609
2.946372104369214
7.1504637007272835
3.7210652625019587
4.3443287756664235
3.1075553477281352
2.308383329767543
3.5311646656988547
3.6737768756131937
2.6723259849760344
3.0743716988372047
5.1189099553069255
3.5324601127204662
1.7951816022020963
4.100363331421574
2.3810010004286384
2.496985692535358
3.9699095053016937
2.397789858816864
0.24397641719297206
5.991877816717705
2.1280634935920246
5.376550251012053
2.785324486939883
3.6118754025538666
1.2790699354682842
6.064479701078996
3.246632927937498
2.9242089201769477
1.611683034150727
3.5524709999210122
3.7770649586803215
1.2610675349633393
4.138287412473289
3.0744841075320557
3.501412490856523
2.183126563138212
3.6171612757129394
4.983479540837608
2.904090693082685
3.6370847371887254
4.434941407161793
4.285295005292449
2.9664070738519634
1.6573016698412935
3.9276834895752857
3.097713623867728
3.5792308999771847
4.10238591514932
4.231782299656228
2.9625962431013853
3.4751470001521008
3.5764763247969618
1.3709795817880897
3.935960658156221
3.438213113710573
5.111078846668301
1.306151178038604
3.7637257991732027
2.6989092531721193
1.1748613264746706
4.167888942324153
4.26018126054439
1.5208886381325952
1.3853656808190231
4.916345210943487
2.398696914915842
1.3385351413994895
2.9849867265283074
3.240690595419149
4.470946173004524
1.955721505814724
4.058295838997763
2.606313298116361
3.7256765048617004
0.9291868170855244
5.368752501771239
2.4465081079433717
1.1035091612348416
4.030204489830676
3.7935066158996067
4.85526375032763
3.676605852641416
4.19310817592139
0.721544585845392
2.5427519900997426
2.3919514101619668
5.026209523266344
5.212189215984622
2.6592358667061613
2.8590165091902175
3.065553106439846
4.348826669950467
1.3169908738609946
3.171479301231472
4.406749821980358
2.910273657018021
2.2190685039498668
0.8485715313600586
3.63430331292888
5.793517976446627
3.371723870830259
4.985949096399553
3.69510251277845
1.7595975019055416
6.493284803741896
4.944041655979635
3.8945631430966237
2.6171534742144575
2.6614362764081614
4.664692888391444
4.193939605898174
3.1271224234703667
2.4398528929648506
2.3356107481266393
0.7883091366336855
3.4355419993615106
2.0697924641102174
4.405847622582066
4.092099405810797
2.6484560638046792
0.7044326132095167
2.08253216601768
3.016424568172924
3.9407570040183817
5.711129009405416
2.481147316373361
1.7783510695813751
2.551506452996441
4.824568334037811
2.7368344473477784
4.291569436235198
2.9997673299402785
2.642308629407059
5.677258068853051
0.9347392009211191
4.060054628428998
3.738665638978735
3.336217721641075
3.2320853308446345
2.6098199987678745
1.4972571436788105
1.5009202440932388
4.515260023883819
3.6648453173514377
2.8990695714468835
0.23419141412833314
0.3446744765914919
3.7171820619421
4.124395637110684
2.770956100346159
2.666822772116589
6.209973021295418
6.426806983857399
2.7529218551610235
3.0736824395224662
4.117868222838535
4.170315944689734
1.205711911880923
2.551516130425276
2.490425712990299
2.71196613123498
4.210259781321918
5.170095552144296
5.219796563935189
4.35671124565707
4.108277049597343
0.6868807166248558
1.280791615665213
4.496058145931715
3.041769464652158
5.80794420244301
2.622355606197693
2.9154097018579903
2.461988983777413
1.2112342210933282
2.902522748199851
3.691394043425749
3.7354503698893637
4.454080904334674
5.324325858075553
6.22662765666484
4.062940752988893
3.0405746134633596
3.203658072805319
2.581922603769845
4.597791735695614
2.6359619988634395
3.7233415849721454
3.1866376770433726
1.4233473941749322
3.0792963239426934
0.932215806477971
5.085868006626691
4.146638234068499
1.0516489229868549
4.4862146827729825
2.984235823886658
3.7634379616556988
2.313311231434893
4.630181903473032
3.5557261602098897
2.0513279204436454
2.6728672470110366
3.010486447671127
3.0956269704867343
5.016479319694676
5.258057592446972
3.815504300170872
2.9339507459948835
2.905602270038697
2.3126925391453406
2.3575353911857198
2.672118955846041
4.5267387140291655
0.9709435951616254
3.998842754642935
0.5692584336510457
5.5836341317892035
2.600035232039514
4.612754485082074
0.7964582759110419
1.154431627088457
4.014163788271483
5.2821404150172535
2.2131962014037887
0.8817796774766671
3.430268714489007
2.9599647360165227
2.762759927418355
5.5692408396320285
3.808813441344065
4.606334850294574
1.053319836482599
2.5811134692736086
2.0434808505132476
1.7641940877482902
0.695650394474949
4.584765274877816
3.562790519084439
1.2704655234434754
1.135983586939398
3.7487045862607964
3.327665849606626
1.0040372328561322
1.7338120368453387
1.6175028737057877
2.042913070694529
0.9755160133778669
0.9153442121322544
4.52799528340045
3.601447430546938
3.888726287482419
4.659277942479509
3.632849554158015
3.8781304657309676
1.4386983205835726
5.620942406222563
6.470844570920495
5.527797060562435
4.4163756038775395
3.0443602416461086
6.674313026573657
2.732705083196369
3.518463079234928
1.9494255548503594
0.5482104288348189
2.7149895042305547
1.4470945277687788
3.801345875095358
3.6361771329757113
0.12658411023078883
3.1550639012405997
5.04661431517091
3.7013012184325556
4.474732037949741
5.250009320058959
4.1968755117052785
2.803618891637588
3.599988214025586
1.4212081028138595
1.5063269077231936
3.8236673402235324
6.353443717514479
4.513551706887355
2.770098739972959
2.8900444021354756
3.495283930154682
0.07979609322613675
1.6107797623124473
1.0467365149024603
3.891990871085922
1.0165643368100008
3.5076627495146457
3.1977047226889512
5.09414575118476
3.1622107405537694
3.0717000047300034
2.4425828830776712
5.029243685249987
3.3099315306144446
2.986000359967649
3.3091768637449497
2.0779078621516907
3.9341079868299036
2.6506955210211003
4.594370845548565
4.424206869174925
4.332808753757065
1.5980768364075177
2.225743813541758
4.272558160134316
4.276310135880227
1.829635008802247
2.633067597097533
3.013205086174136
3.9330596589854814
0.7526703157141975
5.325071003004603
5.746781721085552
4.847456973732953
1.371846435428588
3.7499603987175107
1.2012695506395719
0.6917927317263284
4.639811661766751
2.374840732584077
2.9953549698721007
4.049875591044353
3.961043588340559
2.918673976095
2.798958932471673
4.656958395793921
1.6265542055635793
2.437204747468272
1.3586435414617186
1.2180264910360727
3.6144767559190667
0.6401260058602994
2.1832135003929074
1.3713936057881357
5.6728827143055
5.89307594643059
3.046300385542614
2.3486982792108004
0.9320027421323734
2.097925108592682
2.540447342478486
3.6163565581581083
2.668743354957793
4.020675117952513
4.29014570267177
0.7311465449698159
2.9218721314977785
1.3588484733648638
0.9038547199238518
4.0257178420539725
3.25831647079881
1.4793462477566257
2.635164967679867
1.024827433006587
0.8180448154091212
2.6732348769031553
3.9739648233535974
3.948377182715629
1.655781727830778
1.8823965707885861
3.1776693645252054
1.393869728678962
4.548919587287975
3.8810095863717162
3.249338691084379
1.6430111114030013
1.0542812515541762
3.576591279473992
0.9503885893577988
4.254614692734022
2.656853304673449
3.5533681066113187
4.874873655370086
5.919442457372658
2.2395457484546033
4.483652790143215
2.3918433797116743
3.137780060093884
6.986735100186817
4.508568985194729
1.1412485497085247
2.6227428677330185
1.06355143767405
5.579708131726645
3.741501403780682
3.44936537330728
1.066025502645037
3.5183634873074254
2.9607738182094754
4.02055935300789
2.1351125867214744
3.6514771318831416
0.9542021327979786
5.002317906747377
4.1227676642622
0.5334610620613329
2.9218880482883844
3.6954886796300817
2.188195969992534
3.5231889304349475
2.8317373100720116
3.1894262420814683
0.7350295143455116
4.693089336207098
1.4571649900022479
3.756841884882174
3.1416286970032665
3.4618620546318595
0.7494304742277924
1.5953365103155464
0.8710958762895135
1.0643668997766462
4.017286852187218
2.9960367204380467
1.66878758196544
4.991337522865596
5.666150770610469
4.205385317501665
3.803290943139545
3.640339149717428
1.1278546728418188
3.0019125944929774
5.584803432623398
1.3542671121455234
7.058527248777361
5.823403013291543
3.0293811254358283
3.080292666312647
2.867895867773673
5.071210167239809
4.554067850173208
3.6795933443512436
4.2532215488555805
5.720868999950136
4.761136087520277
4.417298213672615
1.1298143209428515
1.2942047201117801
4.797979241262636
2.9582607241221646
3.697280081077339
5.302282068631931
0.9671311841191297
4.222106892406237
6.435012690031069
4.1666641719551425
3.56349022949237
2.6089442316451663
0.7873836079195721
4.952124064663547
3.6444062626760827
4.097344383525102
1.0697739774407111
3.9506313972182268
4.119996835385848
1.5542057999093482
0.5070910009523922
2.9543215068679385
3.062007135925291
0.9184027893851148
3.857768412534226
3.5072287526493704
0.9582165597636393
3.2185797712794963
3.1949499721311216
0.8201667963370055
2.913026339436934
3.373119279145426
2.945154509204014
1.6594554167055764
3.968222778073908
0.780145678821205
2.5116374755324777
5.099658689778604
2.7904321261328637
5.68637306392406
1.5711026589767545
2.2543444392751586
3.406003347139079
3.9917946959217923
2.7379428231482548
1.2307465251500036
2.8354116750978346
0.7559744460557406
3.49020246672652
4.796932814815143
5.131533204844037
2.025220464665079
0.2584598959669981
3.2081588382489783
3.7429669489439252
3.470888118463715
0.7765678021262423
3.7699240627536152
2.7129124680781764
3.4635476501105074
1.146764767386316
2.0800914329506126
1.3902006098726132
3.203799589744712
4.395190294429919
1.9820872569277401
5.072140595945042
1.205599037617003
3.2579322303953595
3.7958355763509752
4.922301422846415
1.7665617989332831
2.082425475057642
1.0801006539364155
4.623242632265405
6.269406128705514
3.8101013881440235
4.7378501321721735
1.3679612963078047
2.974216297019914
4.348675287617968
4.584195609651924
4.420937370620303
2.751176403886396
1.3872680327881912
1.2271269797700797
3.6429884671708006
5.313601127290209
3.587284731014332
2.459698673524994
3.332584070723528
3.2689017998816103
2.850942505454418
2.467121512390159
4.050058243189062
5.096026387910216
0.9225197306750814
3.6284782507496467
5.899298354766595
0.8693466110028639
0.45006830960395805
0.6468312480058461
1.3339502165448505
0.10189576871924137
1.2158513176962136
5.285994419284896
3.9551574976609074
3.6563020475102324
3.0938656608639876
2.9653833054867627
3.6464020172224436
3.263961339303423
0.7192139935070506
5.3590254092908545
3.3656266686522494
3.2626382756385475
1.2800487417459598
2.5986637142135485
2.097813186940681
2.6002626862353515
2.164689643137108
3.557171597150988
2.0669882095258902
2.2081170328646578
3.1975931381688447
1.0228565740198512
3.4046261475411916
2.8999063264547233
0.26203476814590765
7.456502425914023
3.2825607993930443
0.3298480803271907
1.408183449430537
2.2976694677706595
4.9952352666925
4.809421499980625
5.146571832436626
1.0889127170423114
2.8954391970153885
2.362046045720787
0.9509651376502031
1.669977366347915
2.8611523088542374
5.3741586065143245
0.8969502602994142
2.1337597604636804
2.7046065105458053
1.8959862373771625
2.307653188592995
1.1289815414455149
2.867472220849137
3.091701923901818
2.691148898184267
5.15534637430838
1.6758579712718655
0.840102200972327
3.0009227677356725
0.2871183532643531
3.5214919799441935
2.873993157803675
5.959725220254789
1.014722041987568
1.3449339954574966
3.5614974522797573
2.8515634768682303
2.164858421463119
5.186821111091531
3.5660614956068075
2.821211762246101
3.1938996852282338
1.4021290801514958
2.566637448975241
2.9884817492537805
3.630354197561238
2.4728616658171907
3.0700049872803037
1.6466712328505324
1.8243192359571687
1.1149485460547388
5.8966115951257665
3.4194171762311907
4.571671819443217
2.4308520112202396
2.3340639264284064
4.1851860113885095
3.6919340633060806
5.031336871530741
2.962021513917425
3.2127295837620085
2.995367570894985
4.9694703382489065
4.282162447313171
3.606340270257077
4.20244836974441
1.5125129379445268
1.5577777959695929
3.7732488234927217
1.2679056410804315
2.398558194662393
0.6103615515232905
2.5330023417321
0.4355036999303449
1.6474888249538606
0.9544027780497938
1.5001088127954825
0.7705361743183626
4.839376782127647
3.2362404163431187
0.6411901626173361
1.5297533792580482
3.611269226677665
3.2978186628484973
3.5603288015642383
2.955171019330876
2.0956310312064006
5.089887116042338
4.979641348065702
0.6810521376541363
3.184234998384476
5.234970447434521
4.010865504673252
5.0659461800514904
3.648407327849981
3.3559452845697253
2.4931014618955922
2.9825221862212614
4.588535756548625
5.155295835965774
1.1239601793668073
5.355431265676214
1.5876878252696474
2.3912301155631823
2.2018905308253296
2.4126832640087015
1.3427668358709377
0.9894948388017654
2.4637002251770905
2.890952975672309
5.75304161895784
0.4140899029944366
3.113480051136143
1.0496362131565506
2.9608685310121134
2.693716813016871
3.477285889795039
4.384946069171156
2.5274531333857198
2.5576682983211914
5.87634651898975
6.074299730516312
3.2097197349146005
0.34327329842070503
0.2005658537637701
5.11131187909915
3.008803116491396
2.1546835369743755
4.200860241056404
1.6600247588631918
3.0846779741305004
2.7259189197156757
0.050525703681220335
0.954705401211634
2.4081013733637926
2.2237316880966183
2.976331726398428
2.68232446107987
0.4225184151748796
5.713508974297879
4.072228915077652
2.963641373260514
3.704981315349339
3.008759237745858
5.997606431107796
3.6724579210084634
3.1013985967740285
1.087844396296342
1.7337096357457982
3.682755816978081
4.565318095417014
2.8671034414121968
2.4223077766979286
4.057788960127209
5.1184822708870925
4.772713829125591
4.681150607940407
1.2813232831078865
4.158988643877325
2.99658739695167
1.5073385911762998
3.703659807006113
4.074709124710329
4.563230394049178
3.059750253005798
3.3975903785365524
3.029017147625666
1.0947323300338958
3.044665710852614
2.9208959727499106
5.250239092530317
1.1858751752056655
1.5998302151603883
0.24877516619723195
1.3762202431184472
3.640058903800785
1.0520543846511974
5.588980381120287
3.617407096662239
2.473683356659902
4.636060701764
3.685262047883386
3.540440980090505
2.594215987727382
3.4284827737490695
3.9001197213831986
4.34864494244714
3.724702291131421
3.229995987742263
6.895195251444136
0.42400645078490823
3.0203058677068153
4.967063525649051
2.5700125072701234
4.698468902535912
1.360265521224082
3.7410334228980107
2.9582938975280633
1.1806779955112057
0.5514643504374197
1.1900882463969402
4.22611599990035
2.176422828822441
0.7195201371950734
2.754613237827732
1.5240893306172345
1.1996065422607656
2.891043894253549
1.0684367817484173
2.0506127783087877
2.801869078425208
3.3539736912520897
2.4418303669829906
1.2411479425617893
5.011545383502548
5.634025374116218
2.909862803093898
4.027675669022405
3.4416376234525625
1.284314016976375
0.6008274553173027
5.483331441357981
3.37241303282815
4.112553243839944
2.1302034716644895
4.009277610833408
3.0072916154248306
3.0035782708506824
2.471355985966591
2.049158921399283
0.35537879380928417
4.176547008029926
2.8928538394087426
4.164117253440751
5.701018869438659
2.452836268205532
3.2940275093446982
2.70655003385345
2.428572596644053
4.177066810737906
1.3371862251008044
4.902258920091719
1.1414837681929737
4.219995990697291
0.32652472131976473
3.0419711413883674
1.0119500937366925
3.5618843627951793
2.17384129348914
2.540703260090504
2.5732294502266564
2.213417071906983
2.035418506399527
2.6590344895251268
5.059942938666428
1.3338604021416867
0.6080824682914286
2.1802375561107064
2.708416535645353
1.0310356532816651
3.639132956107238
1.5235240809707393
2.795439069007713
2.9465347469112335
2.7472905353539954
3.6867116527552937
3.595982734201495
2.454472153720767
1.2468511808221394
3.7996601240197876
2.7351791724261596
1.3576843250160213
1.5700065780888752
1.176567123949497
0.9242966290521517
4.357872770558548
4.06712138476787
2.518890366191959
3.9339285990862183
2.5575570851706355
3.647087728250557
3.473145611550745
1.1842940604190297
4.500136593052144
3.6552293815349004
5.726630489093605
1.8564808253399585
0.8782817847705201
1.5919097659468076
2.6287700534081235
5.09327884030071
2.893883893491445
3.7955534524260335
4.158619821793791
1.5728922018175633
2.8896045994293544
3.529016933898019
0.6239062316148499
3.6610502386667614
2.2321288133043553
2.446548715439995
3.308971146284092
2.8673075749951926
1.3386770437922437
4.530672891831682
0.3202214878273822
2.1792639049811795
3.517274030648552
3.22967073542745
2.072806308508849
3.3353439261424156
0.8614027523719969
4.1447401423316945
4.4373202522353905
7.34914837460727
2.8589790129383545
3.6570718557272954
4.064852026588675
3.1665317334589385
5.064965732026557
1.132648695261055
1.8281830393480958
4.489947821813294
3.6474820132012664
3.693121772272679
0.9402633191870782
3.884701212027253
0.8069789383415412
2.6462109221378523
0.5226004358456285
4.072001168634065
4.199127489441239
5.018445677441336
0.6112383801058405
1.5470538834136367
4.193648536192004
4.171814423137536
1.5833286125032822
5.029082695624633
3.7266097183809044
4.727562316114238
4.1651732282760445
2.887455504003715
6.4121903466440076
1.2711074022961044
4.1910925160068855
2.873183549953134
4.586031214673633
4.357090122867913
3.398292984114805
2.783341088252325
7.07575629102359
2.9562888697889553
1.3741947068710656
3.3089552350527267
4.638692851265822
4.2578453013843545
3.142547978653677
2.043968778841254
3.4850129527245444
4.211249533207474
4.6709973028448495
3.1797959202179347
2.7027260001544047
1.6391942482571702
1.7594092855073864
1.5753041501962672
2.6170766321125
3.1251647800109574
2.9591698358706133
4.37847320088327
1.4496590659279744
3.4161793432593504
4.155786557343528
1.1086981226310704
1.7596386472111896
0.5245363555377622
3.6206240101202574
1.0674694040411652
4.3760792894404785
0.6328134501311483
3.536188376519654
2.9796390491755123
5.317130298860966
2.571317256350683
1.434295550426329
5.842325268063238
4.746962237877442
4.349527050610819
4.029331247705623
3.526435143459978
2.5217033341347594
3.0748946922518527
6.289744165294466
3.35703156426688
6.917935471323224
3.6285448081105445
1.0845600544323177
4.213921128941758
2.611573207924577
4.964395284007613
5.345134943895177
4.1507527528544
4.042858566807615
2.4457424776183485
0.4731181951401304
5.209069078954589
1.3157290760348335
1.3674205002046302
4.144140557236891
3.359034722082433
2.9948224566504367
0.2894524092161082
0.7416001343740768
1.9639216451623016
3.558996122856845
7.055467151233994
2.860374832600917
1.610485930331025
3.4277496442818283
3.5965379551253767
5.170634818098332
2.4355999336999927
3.080965753817905
4.628279230551504
0.37694531284878435
2.287513379698844
0.7340754869806445
2.98402479611109
3.706954898050957
4.945082659350487
3.09867530416115
2.598562762947808
0.45670622471722205
5.809864148717904
5.219322257599398
4.668101970623327
1.8492419399675513
3.853528133518744
2.4235290294929563
0.34861784173116717
0.8698994823774797
5.127688988951723
1.1731504705521523
3.611678276960919
4.821175131458273
4.326325471036726
3.3348788493743813
5.466212554407841
5.038212768148919
4.4463947688793475
1.5607073831895366
4.269393000587859
3.0293039005604827
2.855585949970272
4.456926836324721
4.543166005368936
3.686207918528454
2.858279543245049
5.695825829277777
6.38037674668151
4.910279793923753
3.1738303232777465
1.685825999599803
3.791883095244847
4.817831853849904
1.1740778587832787
4.06026609815559
3.518474820041903
4.17925386229094
4.076520334844848
2.9110380077532882
4.088909706123211
3.20732502949351
4.608969800521248
1.3010571323921651
2.588612953442739
3.125587068259496
1.39948559940701
2.5356443308797214
1.5760421774210478
6.134045951424531
3.9746137602150404
3.982622810154601
3.4504752712372175
2.634586902213266
1.060171736918389
5.467599329427304
3.778295817688777
1.556610304858398
2.729323754371345
0.9205443187067508
2.1759683871237874
0.31051755345408977
2.4241652097399853
2.985907337287346
0.5160788552748052
2.4986927463295503
2.7291747421034174
3.298684649158616
4.1271461008754216
4.529623099219547
3.0259433454082836
2.5762814639404272
3.525787589005412
5.173293208265734
3.5461358313013864
2.2510931421231932
3.6316512162559498
1.2688194953675689
5.413728907175548
2.0084545922229946
1.3073449525888199
2.88216836896544
0.8901097280709708
2.4161514851212123
4.7556315441816395
2.7703873190872734
3.038583850867493
2.973879538950013
3.9670115466673517
2.381023138048116
3.781185533833698
3.8411936146068215
2.8674952475698054
3.7501182151555663
1.6560177043072815
3.538403995325416
0.9919987722672603
3.026751844592744
3.698933639461426
2.9079743777236424
5.725178261954643
2.8079999888271074
3.6614174034584894
3.655239523774622
2.0251460373297103
3.2691949460093865
4.2303613022383795
3.8722136511235195
2.484184810106502
3.47903269724357
5.1549017202683345
3.3527594391671234
1.1673118031650387
2.344202857209549
7.145500312325241
1.5686675490482718
1.2064304445838507
3.0332735630272736
3.363986372715621
5.1755189434287985
4.920346518512447
1.4897071414751901
5.109881338805558
0.14192535240015308
2.7503848454780373
1.3271535699719477
3.6392450043332896
0.9977925299662217
1.214823819381018
1.3578512594019625
2.191240589897774
0.9173661427157737
2.788257813393236
3.713695302675855
1.0224429741355494
3.3858884013300856
3.4591407457579226
4.5796752053644925
5.629799650132048
1.9409360460747411
5.152185657141421
3.4303884581950594
4.770669857222868
1.0051954216020447
2.6003030167710173
1.4551465655132299
3.3421429624773236
2.9835642688682245
5.338535406779177
1.5852659611031623
2.8991253266677797
3.678934274885941
1.937397406828246
3.0166676665390075
2.84106010059467
0.7572754980098743
3.0509679512198584
3.760773380672568
6.99575659482738
4.231991370467911
0.8734680344653901
2.8809648815938416
1.3759094862826342
2.0676011744447296
1.3852296951423095
5.028723888087144
4.353876782274968
2.643453519363224
3.3023765456215353
5.444659207623566
4.411094762650328
3.574497958042245
3.6511517485806064
4.125802577209729
0.19484823523785177
3.2347544165662088
3.7295199996989465
1.1042309185426893
3.5847497109761806
2.7115428432004616
4.7400758128413445
1.2610042835452853
6.160477687263903
3.6830190919002237
2.5963828586518236
4.733902760398138
4.462113833401936
5.182994655969027
1.2730476847554324
3.710609998480733
1.9127265901153259
2.3166635440038212
4.511824983447823
0.7498505910885204
5.099039318303352
3.8161013860182056
1.481179925374834
2.5183603690426946
4.077727941187666
1.3891008392915436
3.042246592193437
1.1019746933499739
5.395948577745554
2.842180331923471
2.9641850525555293
1.063741210949081
4.831148720947866
0.7765605466407143
0.5815920340505835
5.193543218990478
1.4851054056667166
4.884039627381965
2.351034058885186
1.1456285576100402
3.0272409591732496
2.3351872469734096
5.028994973913136
2.409488958542522
0.27267394834039954
4.635479040873795
4.6222732571117096
4.428988487955112
4.487639804516184
3.64336270157985
0.7010659917382084
0.2534375452339982
3.5597698691648554
5.206533831136221
2.926024831374807
5.254853832040237
5.1690184950131375
3.360463072638421
2.455882837498963
2.6512650555227073
4.521242989368734
3.5799679135365796
0.9917410371054747
3.489501263189882
2.3218602032741957
5.090812191748733
3.6576576666364624
3.0259090829162916
2.5444454492047717
1.1972200617986388
0.5099487414953018
3.47307096926342
4.294036559837083
1.5096497721518702
3.701805410256461
3.6343708551022393
3.2849048341212708
2.663422823231892
1.2412090324981817
2.6080262324593426
2.8484204858250934
6.208790767478792
3.6999557172137534
3.004020876427468
2.8035620628722264
1.2240055380115624
3.529704231656759
3.7891905640451546
3.648469369873719
1.3153496324158689
3.239911267931955
0.420828086675523
5.292871598129051
3.5445737416422736
3.8172124694713694
1.4203063453582077
2.257767891465565
4.487283559728474
3.6150929630542468
3.6509720041508844
2.1605866225979757
3.634490848255246
5.078522495267066
3.4179234321752126
5.751697789542096
0.9612960074672748
0.4440388433739792
2.256361393436277
2.152505114661756
1.1855460699647533
6.209949254910749
1.325294579230861
0.7415736232451475
1.6341182114222985
0.6549247638400367
4.3031313240191444
1.5999818002259938
2.3017980760643035
2.156219046580586
4.760076135845583
2.6646394695852806
0.597362624172739
2.1799790478993972
2.750707768922563
2.0264487835610137
1.0706984061343021
3.6654537517193444
4.586319414177257
3.1254508904867446
3.6540933568715785
0.7290874964918365
3.434756247690653
2.897392034621464
3.506443335640863
3.1266683401027118
4.922663898815729
0.915645440174131
1.0622854536403483
1.4594641722273765
1.6870936261627594
1.0072378183985065
0.5544599129921947
3.2444463800708037
3.207125168461912
2.368732801812106
6.30823966987169
2.11318110997536
4.125693045902124
2.1215772536842823
1.0257759139147633
2.7184519860271
3.680958275555235
4.493939063036734
2.3753119511123755
5.031359331728799
0.9838627029254003
1.0001826313859767
2.513164341872031
2.972855986293293
3.4874610809165953
3.9947193411399904
0.06738641398235193
2.653247026778171
4.252452706078779
1.4736770586141446
3.4090379646487348
1.1827794601411135
4.414663347585577
3.0051919015858237
5.738303484614106
4.702057964341225
5.2731973466303295
2.507135897128333
2.8814620552088295
2.7782147930156027
0.85631088768099
0.902802932577239
3.7522667945095183
4.987755549055348
2.592323929565603
1.2216937861601906
4.850943534435118
0.7775001785702769
1.357917696253922
3.601400047775037
3.0108844266579853
5.119240224047659
3.6031372809884545
5.128768419998609
1.8644364606494404
1.0063062151173996
0.550941058719648
0.45671283744079794
3.719022951189376
1.1570431433668054
1.702037340298997
3.405498966166506
1.1937161410860173
4.539844471055262
2.013623614370088
3.03461188228105
6.9025035212167625
3.6703183056550857
3.7123852202071994
1.0172465841417884
2.253569384768179
1.3773245580133848
5.0885425572489025
3.994759411846087
2.6788479062441355
2.173843695519059
2.9043550312595894
3.0241519301780695
4.189676450896689
3.1888502435012596
4.4597192282086615
0.9518025331055504
3.7325849599499654
3.02802499068832
5.213102084307498
3.1109224078426982
7.117229169649556
4.256290916874611
3.9560495577408954
3.7701426732132655
5.4848620563183514
0.4863500649063319
3.137037078082679
6.350439669295302
3.9342260480892883
4.0248146553119675
2.994829978222825
5.188289117513172
5.659312469302094
3.7812268172496815
1.451618901617745
1.0037183609651128
6.31265088452992
0.6655395580456056
3.696944340932571
1.1564134858316022
2.1668157439589724
2.7555856386958997
3.0223835344041916
1.4793599923521372
3.04735576700761
4.09842775905472
0.6461276453972916
3.8975444185620582
1.4078686126956028
3.932738001822751
2.5615205601681543
3.7667130206129484
3.959093674610914
3.8283466527070407
3.0078783706588994
3.3571534569208032
3.1070657740977623
4.405245144123412
3.6963052260840485
4.092847607642895
4.9397283179604115
2.8983183079193875
3.194711700253735
0.5149561241736573
2.9705164690019785
2.8004929189862215
2.3500828302983545
3.099452380852244
3.874314831859844
1.3665272998237579
2.7082658080523494
2.9413931919921175
1.0594368312416826
1.1989716788979075
1.1056824496137587
4.669799882630194
2.2511024844579453
5.3044603670032435
0.7849569787461307
2.3480974656472346
0.9423413054966265
3.784863961079257
6.266488634299215
3.7640482259225894
2.3751830131311333
3.4130422017603204
1.0332500834121598
1.1722082387622952
3.2588021434067156
2.8257400751223702
3.213222072518145
3.546279217656882
2.119232668727434
1.4932877094927766
2.602464036839664
3.051733617327367
2.7182137866301397
1.1165583776313426
4.505326901926447
1.5453776799019276
5.090865386080714
2.916612116909914
4.119978672737293
1.9245324936613606
2.704371558823618
3.4580510438046552
4.4007427039099385
1.8143611862077458
1.914681693927915
2.2733170786053094
2.3986275144039455
2.488642226674732
3.6336319305759748
1.4412239801306437
2.704317049959681
2.542695156678252
3.6749676751830864
1.660874093026541
4.649666210807251
2.6776630554055902
2.98905582261875
2.905472545877571
3.181370494863614
0.9944941182114077
3.250072878899993
3.3536110943650437
4.384734302121025
4.266732260826104
3.414847510422053
2.435068198150914
1.0794216284411984
0.24241185592378478
1.0262758533924499
4.111203303654508
4.854104311068063
4.5939810528445255
4.777479407227399
2.4586991005853114
0.5364184258043647
1.3337711580458345
2.8919738474056356
5.5207559786625255
0.9803762564868951
0.9038911781423814
3.921957889170021
5.183866542086704
4.1878728491956325
5.709001195438452
5.588676028638771
3.970677497257046
2.910328635461643
3.364704438702566
0.19359319927213256
1.5928751290765737
1.4058507395173563
3.808929324277751
1.1270343665649938
4.700047140576021
3.6677101338282276
4.0432946412619595
3.0206759975769453
3.0076942907614117
1.7944413131244374
3.4619099947469207
1.3024979321741743
4.911293999426992
2.5086642374302697
5.675122423511627
2.4210707574807864
2.8701447735589576
2.951123135933906
2.986962815707377
1.5810948930637716
1.3578465365966408
3.523648478242398
2.5601075633715706
3.5717874004807704
7.117023777599326
3.771479739757574
3.6834889050412922
4.517949764157433
3.7523926450632157
1.4787075697840555
3.8307253200553175
4.210143811805249
1.5990248020101345
2.99491801597253
3.50630820205818
3.6080476472050735
4.306774455240826
4.475766641822004
3.79077455242733
5.487479925902929
0.5775235730273427
0.29593353807669975
2.4303397422508803
0.9866907138492381
1.565383785311246
2.15683088578944
5.612345269700338
1.2990283272472607
2.6025545435546045
3.5722622397463666
1.0062153734288406
5.539771886357203
3.0729065853216966
1.441735077941584
2.8570253343184233
4.085799361572784
4.259135707159882
1.308753112584299
3.472075766164264
4.247607373175447
3.9999532992435105
4.3245498013816865
2.709495362072846
1.686268721682597
1.2401815774389144
1.484920418818786
3.1793049139521736
3.435842292109641
1.416625417345788
1.4864069797825918
2.850424722520524
4.905999683280086
4.440282181679211
1.2532735404231976
0.9225211172378643
1.0516979145294227
1.2206761963101356
0.17447369240300423
0.8357329889814221
4.436987479684466
4.6686706147969605
0.9645541239687084
3.4392450076397365
5.408553165634829
2.1526489737870618
2.8724816766896772
0.8666052523949894
5.044397147873051
2.9292270852212137
1.297774290550684
0.8370240616049067
0.2934371838329592
1.0753293566152544
4.489078304841581
3.5069387764013302
3.016408074660249
0.107510334422412
3.009371604113287
0.14645034803691676
1.68699200369016
2.805976025339788
3.1305733381342074
3.5439109469139476
6.744625817919044
3.0265286734946737
4.13385727258226
4.5947240983847255
5.172935350975753
2.8787484293171612
2.919896318055384
3.6632112305474926
4.01863271796904
3.934246933800042
3.715383951773548
2.4945323385552465
1.3498886132842263
2.9452925767582467
1.2944280716051901
2.351665695884127
1.2758022245190497
4.575494781548905
6.968663586744477
3.1878339172759587
2.894995054169867
0.7414100312590011
0.7670052519022096
2.3119475123907103
2.536381304952735
2.5591572570617824
5.2665812015558835
3.6431074626516695
2.9186362162715134
0.9008761422773545
1.682253423879673
1.104694616406393
0.7021723948722969
2.8966228928577684
0.5119363847650481
1.6139990531610586
2.974292982072673
1.7018598644851783
2.011522079640432
4.924865911035811
2.8543856365582343
2.566825080704756
4.906934412310522
3.5291979470950285
0.9529697252961451
3.5374088493681617
2.5459510010985573
1.696298057827063
2.0255986365416985
4.945812059586352
4.040863155675868
6.314121777818077
4.223904756343037
3.770628147996269
4.404479322238359
1.125582947628369
1.0004080935667856
0.7267829601250348
2.667947067301033
2.050487642001925
2.069244095596549
3.1075007593713084
6.159044723706976
4.239835290058258
1.4413063680445604
0.689931623503487
1.2691080493998546
4.1965564863866405
1.219635918071837
4.967143206147033
4.9183596238771905
4.5796040724317075
1.3866933779798363
2.532315425483458
4.136141857521989
3.612922654688021
3.1614892701219306
2.011846643562624
3.7614998124506798
3.834617812896076
4.1570515541848785
3.506398861211559
0.8498968651260534
5.058676361775537
3.563462964034804
3.2684841418576376
2.8920450126645183
7.613065569209139
1.558744664204046
4.595926413127086
5.055805961835606
0.9144024170320996
0.797229450526152
2.771866732312658
3.6319873849896376
4.454390280204952
4.018975648893298
5.700927566283057
1.5771382242333405
4.652770848661436
3.0613181146900406
0.9310679198746449
3.597574151411457
4.502888088099659
4.073227368439532
1.1667050633553628
4.252952907889221
1.8445083051313302
3.3566832401002955
2.0342048802445283
4.013157750770028
2.7825116092337367
2.2398994163560326
0.9073342219783095
3.737106289044341
4.835450824625753
2.941923445155817
2.887885412992336
1.4915370825376222
3.051627049944066
2.8814658420848143
4.937770837663166
4.2792180606373025
2.535804488403486
3.3271131509169742
1.1156410715321325
1.4564985433733062
0.8438054625039083
2.598145593363875
2.7611799661719663
2.696034590190933
2.9953373222064457
3.2098240054748644
0.8933314008795233
2.992280735504929
2.5951850353235066
2.770013424801458
5.626661765991325
2.2888384000996784
1.488014947411912
1.0494927620309673
5.256705087874706
3.461867315838501
4.192182346149268
6.403543347092509
5.015757543885698
1.3038022305160823
1.8762881331865295
2.379715116753463
3.56407531489909
5.907644683972323
3.6424859355542965
3.125497432026617
4.075936035082622
