"","TARGET","FixedAcidity","VolatileAcidity","CitricAcid","ResidualSugar","Chlorides","FreeSulfurDioxide","TotalSulfurDioxide","Density","pH","Sulphates","Alcohol","LabelAppeal","AcidIndex","STARS"
"1",3,3.2,1.16,-0.98,54.2,-0.567,NA,268,0.9928,3.33,-0.59,9.9,0,8,2
"2",3,5.8,0.76,0.33,-26,-0.195,87,-283,0.9885,3.07,0.56,11.4,-1,6,1
"3",0,3.2,0.47,0.3,41.7,-0.058,-160,135,0.9976,1.33,NA,9.4,0,9,NA
"4",0,5.8,-0.68,3.26,-11.4,0.056,23,65,0.99755,4.12,-0.34,9.7,-2,6,NA
"5",5,17.2,0.37,1.72,-54.7,0.028,24,84,0.9909,2.75,0.18,11.7,1,7,3
"6",3,13.6,-0.81,1.22,-27.8,0.039,46,11,0.9982,4.16,-1.22,10.6,0,8,1
"7",4,5.8,-0.91,0.1,47.2,0.044,-238,63,1.02787,3.01,NA,6.4,1,7,1
"8",4,14.6,0.38,1.51,73.7,-0.271,-51,137,1.01893,4.02,1.98,12.1,0,8,3
"9",5,13.8,-1.07,0.49,53.3,0.342,305,161,0.9937,3.01,0.28,12.1,1,8,3
"10",7,0.8,0.46,1.94,-8.3,0.356,41,193,0.9928,3.6,0.35,12.2,2,8,4
"11",0,18.7,-0.2,0.56,1.9,-0.278,-64,60,1.07733,4.83,0.58,8.7,1,12,NA
"12",3,16.9,0.41,1.24,-15.2,0.042,92,293,0.95241,2.86,1.99,9.7,-1,8,2
"13",4,7.6,0.7,0.38,1.9,-0.06,-252,188,0.98962,3.18,-0.94,12.4,0,7,3
"14",5,14.6,0.51,1,NA,0.037,-120,467,1.01275,3.1,1.62,7.8,1,9,2
"15",0,10.4,0.06,0.78,66.4,0.293,6,10,1.0055,3.9,0.65,11.8,1,11,NA
"16",0,-4.7,-1.25,0.31,1.7,0.079,111,NA,0.99716,3.43,1.12,2.8,1,8,NA
"17",4,7.5,0.36,0.29,1.5,0.046,239,7,0.95322,2.62,0.45,5.8,0,8,1
"18",4,2.5,0.29,1.62,1.7,0.024,-228,NA,0.98923,3.5,0.59,6.4,-1,7,1
"19",0,3.3,-0.48,0.69,14.2,0.078,12,-174,0.9958,3,NA,18.2,0,13,1
"20",5,6.9,0.21,1.16,6.3,0.042,-203,109,0.99358,3.83,NA,NA,1,8,2
"21",5,14.3,0.24,0.29,70.1,0.42,56,157,1.02798,4.33,1.68,9.8,1,7,4
"22",6,6,1.08,0.24,-31,-0.411,NA,126,1.02658,4.5,NA,9,1,7,3
"23",3,7.1,0.28,-0.96,1.9,0.615,12,86,0.90037,3.15,1.12,9.4,0,8,2
"24",4,6.8,0.52,-0.63,-22.6,0.128,-194,-72,0.9972,3.27,1.41,4.1,0,8,2
"25",0,5.1,2.81,0.8,-0.4,0.053,13,-287,1.0039,3.22,0.39,11.5,2,6,NA
"26",0,13,0.43,1.07,NA,-0.079,-18,486,0.95632,3.02,-0.83,11.7,-1,7,NA
"27",0,6.9,-0.56,1.36,13.5,0.27,-174,31,0.95191,3.84,-0.48,9.8,1,7,NA
"28",4,7.7,0.79,1.2,-21.4,-0.125,484,-147,1.01184,0.72,-0.26,11.3,-1,8,2
"29",4,6.4,0.09,0.37,5.4,0.026,27,80,1.03243,3.44,-0.5,12.7,1,8,3
"30",2,0.5,0.165,0.07,NA,0.133,-70.5,588,0.94748,3.53,0.53,12.5,0,7,NA
"31",1,7.1,0.21,0.74,123.2,0.413,23,106,0.99405,3.35,NA,8.8,-1,8,1
"32",1,12.9,0.35,0.35,-28,0.034,-125,148,0.96527,3.73,0.12,9.8,-1,7,NA
"33",5,7.4,0.13,0.39,4.7,-0.078,165,137,0.96213,3.36,0.56,7.1,0,8,3
"34",0,6,1.06,0,1.4,0.057,-175,27,0.98917,3.36,0.45,14.5,0,7,1
"35",5,10.2,0.4,-0.16,0.9,0.048,23,170,0.993,3.22,0.27,8.7,1,7,1
"36",3,-2.7,0.56,0.22,34.2,0.034,-260,-91,1.00564,4.22,-0.73,9.1,0,7,2
"37",0,7.5,0.38,0.4,2.3,1.275,5,12,0.99605,2.61,0.55,11.4,0,8,NA
"38",0,7.4,-1.14,-1.14,94,0.924,18,38,0.9933,1.92,NA,13.6,-1,8,NA
"39",3,7.3,0.28,2.05,12.9,0.049,62,162.5,0.95841,3.43,0.45,NA,-1,8,2
"40",0,-9.3,1.665,-0.58,50.4,0.046,31,-281,0.9929,2.29,0.61,6.3,-1,7,NA
"41",4,7.4,0.29,0.13,96,0.044,192,114,0.992,2.21,1.71,12.6,0,8,3
"42",3,10.4,0.13,0.37,-34.65,0.462,36,105,0.99581,3.05,0.55,10.7,-1,8,2
"43",4,6.2,0.28,-2.43,28.1,-0.537,-53,289,0.9957,3.44,1.34,9.8,-1,7,4
"44",4,5.8,0.27,-0.96,3.5,-0.063,26,69,0.94491,1.96,0.5,8.5,0,6,2
"45",4,8.1,1.3,0.22,6.4,0.056,44,272,0.96467,3.13,1.01,10.1,0,8,4
"46",3,6.8,-0.22,0.37,34.2,0.349,35,208,0.9773,4.85,-0.55,10.2,0,7,3
"47",2,7.2,0.615,1.28,1.4,0.068,NA,154,1.02237,2.61,-0.12,9.7,0,8,NA
"48",4,4.8,-0.72,-0.03,1.1,0.048,38,180,0.98924,2.76,0.34,11.9,0,5,2
"49",2,5.6,-0.44,0.05,0.8,0.627,210,30,0.95673,3.36,0.35,9.2,-1,6,1
"50",6,6.6,0.54,0.21,6.6,-0.045,123,182,0.9986,2.31,0.54,10.4,2,7,3
"51",4,6.3,0.24,1.77,47.1,0.04,67,348,1.03894,3.88,NA,9.2,1,7,2
"52",4,30.5,0.26,0.47,1,-0.283,183,154,0.99659,3.1,0.56,9.8,1,7,2
"53",3,7.1,-1.1,-1.05,5.1,0.538,197,426,0.99518,3.5,0.92,10.2,-1,8,NA
"54",5,-0.5,0.41,3.22,-11.9,0.463,278,-158,1.00168,3.14,-1.67,14.7,1,7,2
"55",5,-4.8,1.61,0,2.2,0.087,3,369,0.99378,3.64,NA,7.1,0,6,1
"56",6,6.1,0.27,0.33,64.5,0.021,172,117,0.98747,NA,1.04,12.5,2,7,3
"57",0,8.4,0.4,-0.78,-59.3,NA,-136,47,0.9683,2.18,0.77,10.5,1,10,NA
"58",5,12.7,0.24,-0.63,4.9,NA,277,-21,0.99282,2.78,-0.29,10,1,10,4
"59",2,20.5,0.94,0.24,66.3,0.448,25,-71,0.99502,3.22,0.44,10.5,-1,7,NA
"60",4,13.6,0.26,0.45,1.5,-0.377,31,98,0.99215,3.02,0.56,9.7,0,9,2
"61",5,4.9,0.775,0.27,11.75,-0.205,281,118,1.0077,2.19,NA,14.5,1,5,2
"62",5,12.1,-1.365,0.32,NA,0.051,34,106,1.01429,3.54,2.54,9.2,1,7,3
"63",4,6.8,0.32,0.21,2.2,0.288,241,68,0.9932,1.4,-0.08,9.4,0,7,2
"64",0,-2,0.72,0.68,48.6,0.123,6,406,1.04715,4.49,0.58,11.2,2,8,NA
"65",4,6.1,0.41,-0.65,-39.1,-0.427,315,142,0.97492,4.42,0.62,15.8,1,7,NA
"66",0,18.7,0.42,0.46,-13.9,-0.075,154,16,1.06229,3.04,0.74,14.3,0,11,NA
"67",0,10.5,0.29,0.23,-22.5,0.037,-180,99,0.99528,3.08,0.38,8.4,0,7,1
"68",4,6.6,1.21,-1.81,-12.2,-0.654,-92,457,0.95412,3.36,0.62,10.5,0,7,1
"69",4,17.3,0.94,0.88,24.8,-0.094,41,113,0.9962,3.42,0.4,9.3,-1,7,2
"70",5,6.3,0.52,0.21,41.6,0.049,58,486,0.96199,2.71,-0.67,11.3,1,7,3
"71",3,11.9,-0.2,0.03,16.4,0.064,90,120,0.98832,3.22,1.87,11.6,0,7,2
"72",3,5.6,0.16,1.77,NA,-0.563,29,140,0.99048,3.02,0.78,12.5,-1,8,2
"73",3,17.4,0.47,0.49,-11.2,0.271,6,-282,1.02043,3.3,0.68,14.7,-1,14,NA
"74",4,1.6,0.18,1.92,-13.7,-0.258,29,NA,0.97362,4.38,0.42,7.8,0,8,2
"75",0,7.8,0.775,1.51,63.6,0.078,24,-314,0.9984,3.31,0.67,15.7,2,10,1
"76",1,7.4,-1.01,0.31,43.2,-0.578,253,-170,0.99094,2.59,0.76,NA,-1,8,1
"77",3,6.2,0.29,0.23,NA,0.16,-12,-88,0.99612,4.8,1.15,9.9,-1,7,1
"78",5,-4.4,1.66,0.3,7.1,0.037,63,236,0.9952,1.91,-0.45,NA,1,7,3
"79",4,16.6,1.64,0.64,1,0.188,258,-486,1.03972,NA,2.01,10.8,0,8,2
"80",2,-2.5,0.99,0.56,18.95,-0.251,-57,-74,0.95866,3.2,2.08,9.6,-1,8,1
"81",0,9.2,0.28,-0.71,-35.2,0.163,14,-109,0.94515,2.96,0.25,10.5,0,10,1
"82",5,7.2,0.22,-0.56,27.4,0.022,34,-69,0.99,3.05,NA,12.7,1,8,3
"83",3,6.6,0.69,0.19,13.3,-0.465,-36,82,1.00165,3.13,2.14,9.9,1,7,2
"84",4,16.1,0.22,0.49,1.5,-0.073,-153,-162,0.99919,4.46,0.46,9.6,1,7,2
"85",0,8.3,0.59,0.07,3.4,NA,-463,416,1.00015,2.72,0.71,9.8,-1,11,NA
"86",0,4.7,0.57,0.02,NA,0.077,-37,-77,0.90436,4.12,0.6,13.6,0,8,1
"87",5,-4.1,0.19,0.59,NA,0.036,-106,55,0.9909,3.14,0.68,NA,0,7,4
"88",4,10.6,0.02,0.24,10.8,0.042,-88,130,1.03297,2.15,0.4,10.1,0,7,2
"89",6,6.8,0.52,0.49,14,-0.073,93,156,0.9958,3.14,0.84,11.8,1,9,2
"90",4,7.4,-0.5,1.16,-23.5,-0.409,39,284,1.02924,2.27,1.94,4.4,0,8,2
"91",4,7,-0.79,0.34,59.6,-0.56,12,67,0.9976,3.64,-2.19,13,0,8,3
"92",5,6.4,0.92,0.27,5,0.621,-118,151,0.99198,3.22,0.49,17.2,1,7,1
"93",4,13.1,0.425,0.29,2.2,-0.087,NA,67,0.97345,3.76,0.49,11,0,5,3
"94",3,-2.3,0.33,1.36,16.05,0.045,-173,NA,0.99017,3.08,0.52,9.2,0,7,1
"95",0,8.8,0.18,1.52,1.25,0.031,-252,172,0.96139,3.94,NA,4.4,-1,7,NA
"96",3,7.8,0.27,1.41,26.5,-0.053,NA,535,0.94732,3.22,0.44,20.9,0,8,NA
"97",5,5.8,-0.55,1.26,63.8,0.036,-252,-109,0.97198,NA,0.59,NA,1,6,2
"98",3,5.5,0.24,1.37,-14.6,0.06,-69,102,0.994,3.44,-0.83,19.4,0,6,2
"99",0,4.2,2.055,-0.91,2.5,-0.379,NA,151,0.97799,3.53,0.57,5.3,-1,8,NA
"100",5,11.8,0.21,0.32,86.1,0.264,179,470,0.98667,2.51,1.15,10,0,8,3
"101",0,-2.9,0.45,0.07,31,0.03,-116,131,0.9905,3.57,0.28,6.5,1,7,NA
"102",3,14.3,-0.38,0.9,-103.3,-0.533,37,359,1.01753,3.08,0.46,9.9,-1,7,2
"103",7,7.1,-0.51,-0.95,14.4,-0.058,35,-6,0.9986,3.07,0.53,5.6,2,8,3
"104",0,6.2,0.42,0.34,1.1,0.03,-131,613,1.00296,1.24,0.45,8.3,-1,7,1
"105",3,-0.3,0.925,0.22,-40.3,-0.496,71,84,0.98972,3.06,0.57,10.1,0,12,2
"106",5,5.1,-0.04,1.58,2.3,-0.26,40,-468,0.98944,3.55,0.94,-1.2,1,6,3
"107",0,-3.9,1.5,0.26,2.5,0.097,250,31,0.94366,3.27,0.92,3.6,0,10,1
"108",4,6.9,0.35,-0.58,11.95,-0.511,182,111,0.99687,3.11,0.29,9.7,1,8,2
"109",0,1.7,-0.965,1.35,32.5,0.043,-147,395,0.9936,3.08,-2.12,NA,-2,8,NA
"110",0,8,0.5,2.1,-47.4,-0.416,5,339,1.0002,3.19,0.44,9.5,1,13,2
"111",5,14.5,0.25,-0.52,62.4,0.082,50,421,0.9995,3.03,-0.59,9.2,1,9,2
"112",4,6.9,-1.04,0.36,1.3,0.036,126,381,1.01811,2.17,0.95,-1.6,-1,7,1
"113",4,7.4,-0.66,0.05,-3.1,-0.568,-289,346,0.9951,3.1,NA,10.6,0,8,3
"114",3,-0.2,0.36,0.31,4.1,0.061,20,134,1.02871,3.18,0.28,4.2,-1,7,1
"115",3,21.1,-0.69,0.43,-45.7,0.581,-235,72,0.9918,3.23,0.53,14.4,-1,8,1
"116",4,-12.5,1.35,0.29,24.6,0.036,-185,579,0.99168,2.59,0.43,12.2,0,8,2
"117",4,-3.4,-0.015,0.33,25.8,0.049,28,222,0.9927,2.97,1.01,10,1,6,1
"118",3,17,0.14,0.28,-44.4,0.041,15,235,0.9954,3.45,0.43,5.3,-1,8,1
"119",0,-0.6,0.14,0.27,4.5,-0.423,27,95,0.99175,2.68,1.18,14.1,0,8,2
"120",4,7.3,0.32,-2.33,12.7,0.04,-505,140,1.0602,3.3,-0.07,11.7,0,8,1
"121",4,7.4,-0.47,0.49,-40.7,-0.06,148,150,0.9917,3.23,0.49,20.9,0,8,2
"122",6,5.9,0.24,0.26,-43.7,-0.743,36,767,0.99316,3.44,0.51,10.4,1,9,3
"123",3,7.9,0.18,0.33,-14.9,0.033,67,NA,0.98946,2.92,0.85,10.5,-2,8,1
"124",5,5.9,0.25,1.76,1.5,0.029,NA,81,0.9892,3.23,0.46,12.2,1,6,2
"125",4,1.6,0.26,0.16,6,-0.223,192,125,0.98891,3.13,0.55,10.7,0,8,1
"126",5,5.9,0.28,1.78,8.6,0.032,30,349,0.99542,3.28,0.44,7.4,1,6,3
"127",1,9.3,0.68,-1.6,6.1,0.075,-238,77,0.9822,3.38,1.65,15.6,-2,8,2
"128",3,8.3,0.72,-0.33,1.3,0.055,32,846,0.96916,3.72,0.39,4.8,-1,9,2
"129",6,18.5,-1.14,-0.78,14.2,0.01,53,423.5,0.95596,3.14,0.46,5.7,0,8,3
"130",4,-0.1,0.04,-0.15,6.3,0.054,34,-125,0.9964,2.7,0.54,10,0,8,1
"131",0,8,0.3,0.49,44.3,0.046,316,177,0.9964,2.64,0.32,10,2,9,NA
"132",0,6,-0.85,0.74,-22.8,0.308,56,-21,0.99398,4.25,-0.05,10.5,-1,7,NA
"133",0,-0.3,0.67,-0.32,-26.1,-0.29,10,11,0.99848,3.29,0.24,9.9,0,8,1
"134",0,17.1,0.99,0.95,10.1,0.58,-223,178,0.9931,4.16,1.6,10.6,0,8,NA
"135",4,10,0.2,-0.58,41.8,0.035,NA,138,1.03932,3.17,0.44,11.7,-1,8,2
"136",3,6.8,0.22,0.62,17.5,0.039,25,-99,0.9994,3.24,0.02,17.9,-1,7,1
"137",3,-4,0.51,1.97,-27,-0.449,13,212,0.99335,3.09,0.51,12.8,0,9,NA
"138",4,11.2,0.27,-0.63,39.2,1.27,239,163,0.97418,3.2,1.71,9.3,1,7,2
"139",2,-4.2,1.8,0,1.3,-0.556,72,-102,1.0269,3.56,1.35,10.9,-1,6,1
"140",3,6.3,-0.47,-0.75,14.9,0.542,107,287,1.00808,2.04,-0.99,11.3,-1,7,1
"141",5,7.3,-0.22,0.37,1.8,0.032,-180,431,0.992,2.59,0.35,13.1,1,8,4
"142",3,7.1,-0.29,0.3,NA,0.053,-19,510,0.9965,2.47,2.71,3.6,0,8,NA
"143",3,14.4,0.28,0.23,10.4,0.107,-240,190,0.99754,3.53,1.37,0.6,0,7,2
"144",5,10.5,1.09,0.34,NA,1.043,32,95,0.989435,2.96,NA,12,1,7,3
"145",0,17.3,0.32,1.12,1.8,0.174,17,154,0.9969,3.04,1.08,9.2,0,9,NA
"146",3,16.6,0.23,-0.9,-44.5,-0.529,22,330,0.96511,3.22,0.35,17.1,-1,8,NA
"147",6,6.5,-0.32,-0.97,64.9,-0.241,48,256,0.98111,3.97,-0.35,NA,1,7,4
"148",3,15.2,-2.6,0.29,29.7,0.051,36,174,1.04905,3.14,0.5,NA,0,7,3
"149",0,5.6,1.495,-0.76,36.8,-0.39,16,-363,0.92568,4.21,2.01,4.7,1,6,NA
"150",6,13.4,-0.04,1.67,-23.9,0.044,258,91,1.00539,4.5,NA,9.5,1,7,1
"151",3,12.1,0.3,-0.92,6.3,0.057,229,-46,1.0388,3.66,1.39,9.6,0,7,2
"152",2,6.4,0.08,-0.68,53.4,0.469,28,178,0.9896,3.31,0.45,12.1,-1,7,1
"153",3,6.1,0.33,0.65,62.4,0.047,NA,263,1.01033,3.22,-0.7,15.5,0,9,2
"154",3,5.2,0.27,1.05,14,0.05,-120,2,0.9979,3.18,0.58,11.7,-1,8,2
"155",4,18.5,0.115,0.43,44.8,0.048,54,-266,0.9946,4.23,0.44,22.7,0,7,2
"156",2,14.2,1.13,-1.15,1.8,0.05,NA,NA,0.99268,1.3,NA,11.9,0,7,NA
"157",2,7.2,-0.44,0.37,10.4,-0.084,76,458,0.9976,4.24,0.42,8.7,-1,8,2
"158",7,5.8,0.16,-0.71,2.2,0.037,-91,125,0.98986,3.36,0.33,8.3,1,6,3
"159",4,0.8,0.44,0.81,NA,0.053,57,-33,0.99174,3.22,0.39,19.1,0,7,1
"160",4,7.9,1.55,0.24,29.4,0.031,-180,140,0.97539,3.34,0.09,17.2,0,6,1
"161",5,-2.1,0.43,1.84,67.8,-0.34,143,118,0.99452,3.03,0.37,-0.9,1,7,2
"162",0,7.3,-1.21,0.03,NA,0.103,37,189,0.99502,3.19,1.67,12.9,0,8,NA
"163",0,6.7,0.29,0.81,3.5,0.036,23,92,1.00716,4.02,-0.5,11.2,0,7,NA
"164",2,14.1,0.43,0.42,-9.1,0.035,18,86,0.9908,3,0.39,6.1,-1,8,1
"165",4,6,0.3,-1.03,-17.7,-0.13,24,127,1.03871,3.32,-0.58,8.6,0,7,1
"166",5,10.5,1.49,0.31,-1.2,0.036,45,145,0.99216,2.98,-0.69,15.2,0,8,2
"167",3,7.3,1.67,0.22,-10.7,NA,43,-389,0.99286,3.14,-0.44,9.9,0,8,2
"168",2,8.3,-0.55,0.01,7.8,0.522,32,139,0.92862,4.41,0.88,16.6,-2,9,NA
"169",0,8.2,0.6,0.27,2,-0.371,30,245,0.95089,NA,0.62,NA,1,9,NA
"170",4,16.6,0.34,-1.39,46.4,0.082,221,87,1.04544,4.34,0.48,5.6,1,7,NA
"171",4,6.5,0.23,-0.93,NA,0.038,43,133,0.99924,4,0.41,8.8,1,7,1
"172",0,7.4,0.5,2.68,36,-0.011,15,18,0.99448,3.52,-1.02,9.5,0,7,NA
"173",3,9.7,-2.73,0.4,-41.5,0.079,19,112,1.03273,2.87,-0.04,11.2,-1,9,1
"174",3,-13.9,-0.97,-0.65,-17.8,-0.043,23,-159,1.02838,3.17,0.66,14.1,0,8,1
"175",4,15.3,1.5,1.33,-16.1,-0.544,30,356,0.95706,3.24,-0.46,9,1,7,1
"176",4,7.2,0.38,-0.57,-38.4,0.489,434,186,0.9956,2.34,0.37,14,0,8,2
"177",2,4.9,-0.93,0.31,5.3,0.043,93,4,0.95441,3.35,-0.2,10.5,-1,7,1
"178",2,7.1,0.35,0.36,11.95,-0.262,105,111,1.04422,5.63,1.35,11.5,-1,8,1
"179",4,18,0.16,1.71,-54.9,-0.311,29,-209,0.98972,3.23,0.36,12.1,0,7,2
"180",4,6.3,0.17,1.21,NA,0.028,45,606,0.9908,2.29,0.43,13,0,7,2
"181",4,8.5,-0.73,0.74,-28.15,0.15,-187,255,0.9859,1.78,-1.88,9.2,1,10,3
"182",0,7.1,0.17,-1.2,2.8,0.034,-130,-34,0.99152,3.91,-0.26,9.6,0,7,NA
"183",3,6.2,-0.2,1.08,2.8,0.04,7,125,0.98954,3.01,0.46,9,0,7,2
"184",1,6.4,0.46,0.22,106.8,0.047,51,183,0.952735,3.71,0.29,10.5,-2,7,1
"185",3,6.4,-0.65,0.32,6.5,-0.066,-1,174,0.96211,2.44,0.48,9.4,0,7,1
"186",3,5.6,-2.72,1.62,-31.2,0.04,563,120,0.99026,6.05,0.39,4.7,0,6,NA
"187",3,6.9,0.24,0.34,51.4,0.254,43,-12,0.98056,3.29,0.59,8.8,-1,7,3
"188",0,8.5,0.28,-0.52,2.1,0.137,-281,9,0.99376,4.09,0.4,17.5,-1,9,NA
"189",3,6.3,0.23,0.49,71.3,0.05,67,210,0.95092,2.24,-0.16,21.8,0,7,2
"190",4,6.8,1.31,0.05,1.6,0.588,264,173,1.0167,2.52,0.17,2.2,0,8,3
"191",5,6.4,-0.58,0.26,5.6,0.044,308,160,0.9949,3.6,0.47,10.6,1,7,1
"192",4,-1.9,0.73,-0.51,10,0.377,-156,-254,0.997,3.4,-1.07,15.3,0,8,2
"193",4,4.2,-0.33,3,-24.2,0.285,37,221,1.0291,3.25,0.54,10.4,0,7,4
"194",5,7.7,0.26,1.96,2.6,0.045,300,1016,1.02666,3.32,0.5,7.1,1,8,NA
"195",3,16.7,0.34,0.33,-51.9,0.036,64,327,0.9966,2.37,0.4,10.2,0,9,NA
"196",3,6.5,0.29,-0.37,9.15,-0.036,-45,166,0.99339,4.48,NA,8.633333333,-1,7,2
"197",3,9.3,0.18,1.77,82.15,0.109,53,474,0.99724,3.25,0.35,8.8,-1,7,NA
"198",6,7.1,0.73,2.45,NA,0.236,35,115,0.98665,2.45,1.88,13.5,1,8,2
"199",0,10.7,-1.02,-0.38,11.6,0.613,45,178,0.99691,3.33,0.43,7.7,0,7,NA
"200",6,6.8,0.46,0.26,2.7,-0.276,28,155,1.02844,3.38,-1.03,8.8,0,8,2
"201",5,8,2.79,0.33,7.7,0.034,43,212,0.98489,NA,0.41,0.3,0,9,2
"202",0,6.8,-0.55,0.36,NA,0.028,7,-170,0.99175,2.22,0.6,14.7,-1,7,NA
"203",4,-5.1,0.4,0.22,5.95,0.081,76,303,0.97847,3,0.19,9.4,1,8,1
"204",0,4.7,0.35,0.41,-53.6,0.083,11,61,1.04352,2.08,NA,6.4,-1,11,NA
"205",0,16.8,1.25,-2.04,44.5,0.08,-256,417,1.00918,4.5,0.71,9.6,0,8,1
"206",4,7.4,0.19,0.49,9.3,0.48,26,-288,0.994,1.84,0.32,8,-1,8,NA
"207",3,7.8,0.25,-1.23,1,0.043,218,80,0.99128,3.99,-0.52,22.5,0,8,NA
"208",5,11.3,0.76,0.67,5.2,0.861,35,19,0.9988,4.41,NA,13.4,-1,13,3
"209",4,14.2,0.21,0.24,4.4,0.027,-450,150,0.97534,3.26,-0.01,2.6,-1,6,NA
"210",4,-9.9,-0.39,0.03,-15.8,0.086,166,-125,0.95749,3.53,-0.1,7.2,1,7,4
"211",0,-1.2,0.25,0.41,59.8,0.037,253,165,0.95184,2.2,0.39,10.9,2,8,NA
"212",5,6.2,0.88,1.25,NA,NA,-169,105,1.01571,2.71,0.51,11.1,0,7,3
"213",0,-0.8,-0.4,0.34,5.1,0.062,8,22,0.9974,2.36,NA,10.9,0,9,NA
"214",0,15.4,1.64,1.83,-39.5,0.634,NA,44,0.97116,4.35,-0.05,3.3,-2,10,NA
"215",2,9.9,0.68,0.24,-26.4,0.034,17,-126,0.9933,1.9,0.36,9.6,-1,7,3
"216",5,7.4,-0.85,1.24,2.4,0.202,58,-224,0.9941,3.42,0.68,9.4,1,8,2
"217",4,-4.8,-0.93,0.27,6.6,0.054,-175,158,0.99378,4.27,0.48,17.2,1,7,2
"218",0,5.6,0.49,-0.24,4.5,0.039,23,474,0.94117,3.42,0.9,13.7,-1,6,1
"219",0,5.7,1.21,0.03,1.5,0.172,-270,19,0.97348,2.61,NA,10.1,1,7,1
"220",2,17,-0.19,1.93,-33.5,NA,55,158,0.99642,3.24,0.37,16.3,-1,7,1
"221",0,10.7,0.1,0.39,7.6,0.52,-93,615,0.9965,3.11,NA,13.4,1,8,NA
"222",5,7.1,0.17,-2.7,14.55,0.047,-78,705,0.99945,3.34,1.03,9.1,1,8,1
"223",0,17.3,0.28,-1.05,11.6,0.41,194,-295,0.989,2.98,-0.43,13.1,1,7,NA
"224",0,7,0.57,0.02,-34.1,0.072,17,198,0.99575,3.36,0.61,10.2,1,8,NA
"225",3,-9.1,0.13,0.36,62.2,-0.198,10,173,0.96984,2.9,0.91,15.8,-1,8,1
"226",4,-0.6,0.23,1.8,-25,0.631,118,12,0.96841,1.16,0.52,10.5,0,7,4
"227",4,8.5,1.15,0.28,3.1,-0.369,54,169,1.02191,4.43,-1.34,12.6,0,9,2
"228",4,14.9,0.77,1.03,10.4,-0.173,44,340,1.0006,3.11,NA,9.7,0,8,2
"229",1,2.6,1.005,-1.08,NA,-0.283,34,497,0.98707,3.93,NA,10.2,-1,11,1
"230",2,-0.9,-0.1,0.56,49,0.046,321,168,1.03005,3.45,0.68,10.1,-1,7,2
"231",5,-11.2,0.25,1.55,8,0.043,31,207,0.96213,3.19,0.42,5.5,1,6,4
"232",2,17,0.28,0.18,1.2,-0.462,-120,108,0.96855,3.23,1.78,9.35,0,6,NA
"233",2,9.8,1.19,0.45,1.6,-0.329,11,124,0.9944,2.93,NA,9.6,-1,11,NA
"234",3,-3.6,0.14,0.08,31.4,-0.366,7,47,0.97842,4.31,1.02,4.9,-1,9,1
"235",4,6.1,0.27,0.32,-14.8,-0.488,173,161,0.96947,3.22,-0.55,10.9,0,7,3
"236",0,19.5,0.55,0.09,2.2,NA,14,56,0.95506,3.21,1.94,10.6,0,9,NA
"237",5,6.6,0.14,0.45,1.5,0.615,18,98,0.97179,3.32,-2.55,15.4,1,9,4
"238",3,4.5,0.27,0.25,1.2,0.033,36,440,0.98918,3.42,1,12.4,-1,7,2
"239",5,5.7,0.265,-1.11,6.9,NA,46,150,0.99299,3.36,0.44,9,0,6,NA
"240",0,15.5,0.41,0.59,-51.2,0.494,282,115,0.9901,3.12,2.14,12.89333333,0,7,1
"241",3,-1.7,0.23,0.1,-13.1,0.395,274,103,0.99699,2.9,0.31,12,0,8,NA
"242",4,7,0.21,0.11,8.6,0.257,37,1057,0.9954,2.07,1.7,10.4,0,7,2
"243",6,6.4,-0.76,0.28,2.5,0,145,214,0.98946,3.22,1.53,NA,2,7,3
"244",2,16,1.04,1.83,14.6,0.053,285,80,1.01857,2.02,1.49,9.2,-1,8,1
"245",0,11.5,1.48,-1.98,49.4,0.097,29,378,1.0001,3.1,1.67,5.2,0,12,1
"246",5,-0.7,-1.26,0.44,11.3,0.046,65,146,1.01929,3.93,1.41,-2.4,1,8,3
"247",4,6.9,-0.45,-0.44,0.9,0.275,-144,156,1.0155,2.55,-1.01,6.3,0,8,1
"248",0,18.9,0.56,0.19,NA,-0.02,207,47,0.9964,2.04,1.62,15.3,0,9,NA
"249",0,16.2,0.25,1.56,-25.6,0.211,46,316,0.94643,1.78,NA,NA,1,8,NA
"250",3,2.2,0.15,0.72,60.3,0.046,123,NA,0.97509,1.68,0.38,10.2,-1,9,NA
"251",4,10,0.565,-0.44,46,0.093,16,112,0.9998,3.38,0.61,-0.8,1,10,NA
"252",4,7.6,0.13,-0.45,-43,-0.41,40,126,0.95401,3.62,0.39,9.6,1,8,3
"253",4,13.8,0.96,0.32,15.3,-0.019,64,185,0.97741,3.31,1.29,9.4,1,7,3
"254",3,8.3,0.17,0.31,58.1,0.049,48,153,0.99423,3.12,0.88,9.4,-1,9,2
"255",3,1.3,0.1,-0.71,6.5,0.027,-124,126,0.99124,3.36,NA,12.5,-1,9,2
"256",4,8.5,1.5,0.27,49.4,0.031,297,334,0.95245,3.01,0.33,12,0,9,1
"257",6,5,-0.11,1.74,8.3,0.419,35,164,0.99944,3.53,1.03,12.5,0,6,2
"258",5,6.4,0.29,-0.01,34.7,0.037,188,217,0.96482,2.9,0.66,14.3,0,7,2
"259",3,7.4,0.32,-1.32,44.6,0.051,50,367,0.9955,3.28,0.68,2.2,0,8,NA
"260",0,6,0.44,0.96,-18.8,-0.442,225,504,0.99151,4,-0.64,7,-1,7,NA
"261",4,23,0.26,0.49,-28.7,NA,55,-108,0.96753,3.19,-1.2,NA,1,7,1
"262",0,17.7,0.55,0.66,NA,0.387,102,37,1.01475,2.43,1.15,9.6,0,11,NA
"263",4,7.9,0.39,0.39,0.3,0.057,NA,221,1.02135,3.79,2.23,14,0,7,3
"264",3,7.5,1.41,0.06,1.6,0.694,-180,-482,0.9978,3.16,-0.2,9,0,8,2
"265",2,6.7,-0.25,1.25,14.3,0.048,79,149,0.9975,3.12,NA,13.2,-1,7,1
"266",3,-3.2,-0.61,-0.12,0.8,0.022,51,180,0.94975,3.56,-0.26,9.7,-1,7,2
"267",4,6.9,0.68,1.19,46.2,0.081,-100,-277,0.9924,4.27,0.4,10.8,0,7,2
"268",3,-3.4,1.21,0.02,-36.9,-0.08,-157,221,0.99911,2.01,0.5,11.5,0,7,2
"269",4,6.5,1.4,0.14,2.4,NA,265,37,0.97898,3.66,-0.39,9.8,1,7,1
"270",0,6.2,1.12,1.3,-56.1,NA,209,255,1.0363,3.45,0.87,12.4,1,7,NA
"271",4,8.2,-0.09,-1.29,8.1,0.035,60,163,0.9879,3.05,0.3,7.6,0,9,3
"272",0,7.5,-1.03,-0.64,13.2,NA,-17,609,0.96482,4.06,0.8,9,0,8,NA
"273",5,17.2,0.24,0.42,1.1,-0.165,-124,22,0.98321,2.04,1.05,16.7,0,11,3
"274",5,14.8,0.89,-0.34,8.1,0.291,53,-263,0.96192,1.72,0.41,11.6,1,8,4
"275",0,1.8,0.2,0.57,1.5,0.898,315,507,1.01938,3.35,0.92,14.6,-1,7,1
"276",0,14.6,0.59,0.42,13.3,-0.089,35,233,1.00235,NA,0.7,7.5,0,11,NA
"277",6,12.6,0.27,0.27,-51.4,0.034,25,122,1.005,3.91,-1.05,6.3,2,8,2
"278",4,26.8,0.69,1.09,1.5,0.031,17,122,1.02856,3.25,2.04,10.3,0,9,2
"279",0,-1.4,-0.16,0.61,15.5,NA,31,485,0.99408,3.19,0.44,13,0,7,1
"280",0,5.5,2.08,1.05,1.7,0.47,12,-124,0.99623,3,-0.29,9.2,1,10,1
"281",4,12.9,0.445,-0.53,14.5,0.045,-76,42,0.9986,4.66,1.54,16.9,0,8,NA
"282",4,6.4,0.32,0.23,16.2,0.055,36,619,0.9986,3.22,0.68,9.1,1,7,1
"283",0,19.7,0.6,0.25,-2.1,-0.399,9,38,1.03295,3.94,NA,8.3,0,9,NA
"284",3,8.5,-0.67,0.72,1.1,-0.17,NA,-221,1.02312,3.09,-0.53,9.5,1,8,1
"285",3,17,0.61,-0.39,73.9,0.042,62,-128,1.0184,3.15,-0.24,NA,0,7,2
"286",3,6,-0.61,1.4,31.4,0.063,279,109,1.02524,3.69,0.71,10,0,7,1
"287",5,7.5,0.31,0.24,34.7,0.031,28,141,0.99397,3.16,-2.55,8.1,0,8,1
"288",2,6.6,-0.94,-0.82,67.8,0.176,-142,-5,0.96135,3.28,-0.71,6.5,-1,7,1
"289",3,11.5,0.32,0.5,14.4,-0.551,214,144,0.99666,1.84,0.41,15.4,-1,6,2
"290",4,14.5,-0.83,0.33,6.7,-0.528,45,-202,0.9939,2.8,0.68,11.4,0,8,NA
"291",0,14,0.57,-0.32,3.2,0.267,21,433,0.9973,NA,0.87,9.4,1,9,NA
"292",4,13.8,0.24,1.72,-39.7,0.046,34,-200,0.96632,3.43,NA,15.75,0,8,3
"293",4,5.2,0.22,0.46,8.9,0.446,41,-230,1.00056,2.72,0.42,9.733333333,1,6,2
"294",7,6.2,0.63,3.63,-25.6,0.537,31,470,1.03253,3.41,NA,11.3,1,7,4
"295",0,34.1,1.025,0.43,-22.4,0.405,182,84,0.95691,2.87,0.09,10.1,-1,12,NA
"296",0,5.9,0.2,-1.17,-85.1,-0.076,-257,103,0.99426,3.31,0.57,NA,0,6,NA
"297",0,29.3,0.37,0.26,-50.5,-0.428,37,789,0.99787,3.47,-0.85,2,0,8,1
"298",5,6.8,0.22,-1.38,1.2,0.041,29,-5,0.99104,3.04,0.35,11.2,2,7,3
"299",6,-1.4,1.24,0.17,-10,-0.168,-70,82,0.89242,3,0.38,9.8,2,7,3
"300",4,3.1,0.25,0.53,-15.8,0.021,-337,412,0.989315,3.19,0.31,10.1,0,7,3
"301",3,-2.3,0.19,0.43,10.9,0.408,216,154,1.036,3.52,0.2,16,-1,7,2
"302",5,2.9,-1.23,-0.87,24.9,0.032,151,121,0.96677,3.14,0.38,16.8,0,7,2
"303",4,7.3,0.4,0.24,6.7,0.058,41,333,0.96363,3.2,NA,10.4,0,8,3
"304",3,-2.5,0.2,0.49,1.7,0.626,34,169,1.03491,2.93,NA,7.9,0,9,2
"305",1,7.9,3.68,0.16,-19.4,0.482,8,524,1.03588,4.34,0.47,12.4,-1,7,2
"306",3,1.3,0.22,0.22,16.65,0.044,281,306,0.99855,3.91,NA,5.7,-1,6,2
"307",0,10,1.24,1.14,2.2,-0.607,NA,15,1.03232,4.01,1.89,7.8,-1,11,NA
"308",3,8.9,0.565,0.67,3,0.235,16,112,1.00081,3.55,-0.08,9.1,0,10,2
"309",3,26.5,-0.185,-1.1,36.2,-0.283,20,-219,0.99112,2.66,NA,9.9,-1,6,1
"310",0,4.9,-0.84,0.89,2.2,0.344,272,-266,1.01307,4.37,0.53,10.9,1,9,NA
"311",0,3.7,1.54,1.69,1.4,0.039,53,307,0.99206,3.4,NA,10.1,-1,7,NA
"312",2,7.4,0.03,0.27,17.6,-0.146,21,486,1.01609,3.05,3.98,7.6,-1,8,NA
"313",2,8.4,0.32,0.32,-19,0.336,3,134,0.99439,3.02,0.34,14,-2,9,NA
"314",6,16.3,-0.745,-0.89,-0.2,-0.3,73.5,142,0.9793,3.18,1.37,9.9,1,8,2
"315",4,6.7,1.55,-1.05,9.7,-0.923,216,-180,1.02685,3.23,0.5,7.6,1,8,1
"316",3,12.6,0.28,-0.38,12.8,0.039,51,150,0.99535,3.23,0.46,15.8,-1,7,1
"317",4,6.5,0.14,0.33,-35.2,0.481,-274,189,0.9966,3.25,0.03,11.9,1,7,2
"318",2,18.1,0.345,0.31,1.9,0.453,-191,134,1.04208,2.07,0.38,9.5,-1,8,NA
"319",3,6.8,0.31,2.46,74.1,0.043,30,165,1.01139,3.36,0.13,5.85,-1,7,2
"320",2,6.6,0.785,0.49,7.7,0.049,-299,217,0.996,3.05,-0.99,9.3,-1,7,1
"321",4,7,-0.48,1.66,-43,0.039,70,125,0.95321,3.85,3.8,12.2,0,8,2
"322",3,14.3,0.34,0.46,-0.6,0.055,68,198,0.9988,3.36,-1.09,8.1,-1,10,2
"323",3,6.6,0.19,0.28,-22.9,0.042,-11,137,0.98397,2.7,0.37,10.8,-1,7,NA
"324",5,6.3,-0.97,1.76,-17.9,NA,184,134,1.03199,4.69,NA,12.7,1,7,1
"325",3,6.4,-2.3,0.19,25.4,0.577,NA,NA,1.02127,2.84,-0.42,9.4,0,8,2
"326",6,7.6,0.23,-0.65,10,0.036,247,-185,0.9967,3.08,0.58,9.7,2,8,2
"327",6,6.4,0.38,-0.72,4.5,0.038,-180,119,0.99151,3.07,1.41,7.7,2,7,3
"328",3,5,-0.83,0.19,5,0.054,17,101,0.99438,3.7,2.22,10,0,5,2
"329",4,8.2,0.37,0.23,1.7,0.496,20,-553,0.9923,1.4,0.48,NA,1,9,2
"330",7,7,0.17,1.65,-46.7,0.683,340,327,0.97058,2.66,2.23,NA,1,8,4
"331",7,6.7,-0.23,-0.14,2.4,0.291,30,292,0.98006,3.09,0.88,8,2,7,4
"332",3,10.7,-1.11,-0.31,-112.2,NA,17,-148,0.9936,2.07,0.55,8.5,-1,7,3
"333",5,7.1,0.38,-0.32,7.2,NA,32,111,0.96714,1.78,3.88,10,1,8,NA
"334",5,7.3,0.34,-0.15,14.1,0.04,130,32,0.99655,3.74,1.08,12.4,1,8,NA
"335",4,7.4,0.26,0.36,30.5,0.032,29,193,0.99134,3.1,NA,5.6,0,8,2
"336",6,-2.8,0.28,0.28,4.3,NA,125,417,0.9837,2.71,3.93,9.4,0,7,2
"337",3,17.7,0.26,0.3,1,0.421,167,114,0.9928,2.33,-0.37,7.4,0,6,NA
"338",5,6.6,1.15,-0.66,NA,0.467,111,211,0.9962,3.09,0.42,8.9,1,7,3
"339",4,11.3,0.32,1.29,29.05,0.026,-108,79,0.99168,3.18,1.34,25.4,0,6,2
"340",3,14.5,0.59,-0.16,1,-0.558,6,24,0.9926,NA,-0.06,12.1,0,10,NA
"341",6,7.4,0.28,0.3,22.7,-0.11,44,-96,1.01381,3.17,-0.71,14.2,2,8,4
"342",3,14.2,0.23,0.61,19.6,NA,-52,152,1.01371,2.89,0.52,8.7,-1,7,1
"343",0,13,-0.92,0.25,2.6,0.174,10,NA,0.98871,3.46,-0.46,14,0,8,1
"344",4,5.8,0.24,0.28,-29,0.038,-98,-78,1.02018,3.1,3.23,9.2,-1,6,1
"345",6,-1.1,0.2,1.28,-12.4,0.056,-63,212.5,0.95946,2.32,-2.95,8.9,0,8,3
"346",4,5.1,-1.17,0.18,-26.8,NA,13,-216,1.04001,3.22,NA,7.7,1,6,2
"347",4,6.8,1.22,0.54,18.2,0.154,156,5,0.9955,4.47,1.16,10.3,0,7,1
"348",3,6.4,0.79,1.15,-32.95,NA,56,NA,0.99684,4.35,0.38,10.6,0,7,2
"349",4,7.1,0.25,1.33,28.1,0.043,53,904,0.99524,4.54,0.28,16.5,0,7,3
"350",3,8.9,1.89,0.3,8.1,0.026,14,71,0.97429,3.84,0.1,0.6,0,10,3
"351",5,7.1,0.26,-2.38,23.1,0.622,39,-306,0.98726,3.31,0.31,11.6,1,8,3
"352",4,1.6,1.68,0.31,2.8,-0.995,40,-199,0.99126,3.06,1.36,10.9,-1,7,3
"353",2,14.6,0.35,-2.27,6.2,NA,289,511,0.9968,5.87,0.6,1.1,-1,7,1
"354",4,7.7,-0.74,1.66,14.3,0.436,506,213,0.9991,3.7,-2.86,9.2,1,8,1
"355",4,6.7,0.48,0.32,-20.1,-0.221,301,54,0.98481,2.89,0.35,17.5,0,7,2
"356",0,8.4,0.19,0.98,1.6,0.047,9,101,0.994,3.11,1.84,7.1,0,9,NA
"357",3,-0.1,0.28,0.65,-11.1,-0.52,38,140,0.96112,3.3,-0.48,5.2,-1,8,1
"358",4,5.5,-0.83,0.3,7.8,0.049,-115,468,1.03094,4.04,0.58,13.4,0,9,NA
"359",4,-0.4,0.37,-1.55,1.8,0.755,-29,89,1.0307,3.43,1.29,14.25,0,7,2
"360",3,7.8,0.26,0.34,2.2,0.05,29,131,0.9929,1.91,0.6,9.8,-1,7,2
"361",4,12.1,0.57,-0.74,2.7,0.034,238,411,0.98135,3.9,1.34,12.8,-1,9,1
"362",2,17.8,0.485,0.29,-20.7,0.526,NA,101,1.02615,3.01,0.38,12.4,-1,9,1
"363",3,26.5,0.57,0.83,13.1,0.05,26,60,0.99884,3.05,2.01,12.5,-1,8,2
"364",5,3.4,-0.71,1.56,45.4,0.05,65,498,1.00666,3.11,0.58,10.2,1,7,2
"365",5,-1.1,-0.37,0.36,18.1,0.047,266,-162,0.99315,4.43,NA,10,1,9,2
"366",5,14,0.17,3.63,NA,-0.141,293,382,0.95447,3.68,1.65,11.4,1,8,3
"367",0,6.9,0.1,0.22,44.7,-0.226,25,339,0.94868,3.13,-1.1,11.3,0,13,NA
"368",3,6.1,1.64,0.34,1.1,-0.549,-120,110,0.9898,4.58,NA,14.1,-1,7,1
"369",6,7,1.62,0.8,126.1,NA,-222,42,0.9935,3.52,0.33,11.6,0,8,2
"370",0,9.4,0.26,0.48,-7.1,0.066,6,-212,0.9587,3.15,0.87,NA,-1,11,NA
"371",0,6.5,0.11,-0.34,42.5,-0.334,22,445,0.9996,3.46,0.89,11.2,0,11,NA
"372",6,12.5,0.12,0.25,50.5,0.018,NA,-186,1.01807,3.2,0.45,5.7,1,7,3
"373",5,17.6,0.7,0.07,-60,0.033,-247,26,0.97805,2.6,2.34,4.7,0,9,2
"374",4,19.2,1.06,1.95,-20.9,0.296,33,87,0.993,3.22,1.08,10.8,0,8,NA
"375",3,8.7,0.27,2.61,99.4,0.053,32,-95,0.95748,3.36,0.37,10.4,-1,6,2
"376",4,8.6,0.335,0.14,1.3,0.036,69,-58,0.99212,3.47,0.46,10.5,1,5,2
"377",4,6.7,1.66,0.44,18.75,0.057,-34,224,1.02468,3.11,0.65,15,1,7,2
"378",4,8.2,-1.01,0.29,1.8,0.047,47,187,0.9933,3.09,NA,10.2,0,9,2
"379",4,8.7,0.32,0.28,32.2,0.039,167,94,0.98387,2.04,0.57,18.5,-1,7,1
"380",5,5.8,0.28,0.34,-7,0.031,-1,392,0.9896,NA,-1.28,12.8,0,6,3
"381",4,6.4,0.34,1.78,-56,-0.135,NA,-88,1.04393,4.05,NA,NA,0,7,3
"382",6,-2.3,0.15,0.36,29.7,0.028,-119,104,0.94254,4.03,3.91,5.9,0,8,2
"383",4,-2.2,0.25,0.12,9.2,0.324,104,150,0.95451,2.28,0.87,11.5,0,8,2
"384",3,16.7,1.44,0.22,-8.1,0.65,-1,647,0.95635,2.97,0.45,13.1,-2,8,1
"385",3,12.7,0.25,-0.13,-19.8,0.047,61,250,1.01767,3.74,NA,9.2,0,7,1
"386",0,6,1.11,0,2.1,0.064,-100,419,0.995,1.02,1.03,10.7,-1,7,NA
"387",2,7.3,0.15,0.14,49.2,0.05,NA,195,1.00157,3.7,0.45,10.5,-1,8,1
"388",4,11.1,0.5,-2.85,11.1,0.174,45,491,1.00901,4.04,3.76,12.3,1,6,2
"389",2,7.9,0.86,1.7,-55.8,0.209,150,866,0.99176,3.05,0.52,10.9,-1,9,NA
"390",2,18.9,0.275,1.87,1,0.039,83,-558,0.992,0.68,0.56,11.9,-1,8,2
"391",0,9.9,0.4,0.53,6.7,-0.419,-231,19,0.95436,2.88,0.82,11.7,0,11,NA
"392",5,6.8,0.19,0.33,4.9,-0.226,42,130,1.01386,4.2,0.56,16.1,1,7,2
"393",4,8.9,0.23,0.32,1.6,-0.359,-121,122,0.9904,3.71,-0.31,12.5,0,7,2
"394",4,6.4,-0.26,-0.98,42.3,NA,183,-203,0.99556,3.7,NA,5.4,1,7,2
"395",0,7.7,0.57,-1.34,1.5,0.069,-265,NA,1.0036,3.16,NA,8.8,0,8,NA
"396",0,6.9,0.41,0.33,2.2,NA,22,-232,0.96928,3.41,0.29,14.9,-1,8,1
"397",1,8.1,0.87,0,3.3,0.096,-162,-281,1.07189,2.48,0.05,9.8,-1,9,NA
"398",4,15.6,0.24,0.27,43.1,0.04,48,129,0.99691,4.39,NA,NA,0,7,3
"399",4,6.9,0.615,0.42,-86.6,0.067,-206,131,0.97415,4.11,1.43,9.3,1,8,NA
"400",4,8.3,0.25,1.69,2.5,0.053,-246,NA,0.99404,2.89,0.62,9.5,1,9,2
"401",3,0.6,-0.39,0.29,4.2,0.02,-98,-262,1.00282,3.24,1.67,NA,-1,9,NA
"402",2,6.8,-0.19,0.4,24,-0.384,-34,177,0.9928,3.04,3.41,11.6,-2,8,1
"403",2,12.8,0.32,0.13,16,0.148,113,185,0.97778,3.34,0.6,14.1,-2,7,2
"404",3,6.2,0.08,0.38,-35.5,0.045,54,5,1.00086,3.17,0.46,3.9,0,7,1
"405",4,4.2,-1.7,1.53,-30,-0.079,98,301,1.00508,2.15,0.56,8.1,0,9,2
"406",0,2.6,0.83,0.37,7,0.55,111,70,0.9981,3.16,0.52,7.5,0,12,NA
"407",0,9.9,1.58,1.57,14,0.58,-67,156,0.9958,4.19,0.38,16.9,2,9,NA
"408",0,7,1.03,0.22,62.4,0.018,284,210,0.99575,3.34,0.84,3.3,0,9,NA
"409",6,7.1,0.13,1.3,1.2,-0.269,54,510,0.9932,3.3,2.47,12.6,1,8,2
"410",3,6,-0.95,0.33,4.35,0.04,-197,-203,0.99276,2.28,1.54,8.8,-1,7,2
"411",5,7.3,-0.63,0.37,1.9,0.041,88,165,0.9908,3.26,0.4,17.7,-1,8,1
"412",3,0,0.28,0.9,2.5,0.042,59,172.5,0.95751,4.55,0.27,3.4,0,7,NA
"413",3,-1.2,0.24,0.54,-33,0.083,-179,57,0.9983,3.39,1.94,15.5,0,10,3
"414",0,2.9,0.89,1.43,0.7,0.04,98,25,0.9918,2.3,-0.85,9.6,0,9,1
"415",5,1,1.42,-1.44,6.5,-0.51,26,97,0.99148,2.26,-0.71,12.6,0,8,3
"416",6,7,2.17,0.28,-18.2,0.045,37,221,1.06266,3.25,0.54,10.4,2,7,3
"417",2,11.7,2.56,0.45,68.8,-0.116,NA,181,0.98102,2.3,1.58,9.1,-1,7,1
"418",2,2.6,-0.13,0.23,1.5,-0.195,NA,174,0.94277,2.96,0.35,12,-1,6,1
"419",0,3.3,1.4,0.47,1.1,-0.161,11,499,0.91223,3.21,NA,10.9,-2,9,NA
"420",4,10.5,1.18,0.28,-2,-0.199,256,132,1.01042,4.12,-0.6,11.3,0,8,3
"421",5,0.9,0.16,-0.12,-20.1,NA,25,372,0.98405,5.49,-0.44,15,1,8,3
"422",3,7.1,0.97,0.3,NA,-0.173,-213,70,0.99693,3.73,0.5,9.4,0,8,2
"423",4,6.1,0.16,0.37,1.1,0.031,-4,121,1.00222,2.8,-2.92,11.7,0,7,3
"424",0,7.2,0.21,0.37,52.1,0.449,46,470,0.98604,2.95,0.43,11.1,-1,8,NA
"425",3,15.4,-1.2,-0.31,13.7,0.044,66,184,0.94923,3.22,-0.45,8.9,0,8,NA
"426",6,5.5,-0.54,-2.69,55.25,-0.216,149,189,0.99784,3,0.6,11.9,2,8,3
"427",4,-1.5,0.15,0.38,13.7,-0.183,20,84,0.99046,3.09,-0.28,12.3,0,7,3
"428",0,7.5,-0.66,0.46,1.6,0.035,-84,126,0.9933,3.26,2.02,10.2,1,8,1
"429",5,2.7,1.44,1.35,2.8,-0.303,-12,28,0.9964,3.33,2.04,15.3,0,9,3
"430",4,6.6,1.15,0.51,-15.4,0.174,61,37,0.99604,2.03,-0.43,9.2,1,7,2
"431",4,6.9,1.19,0.77,45.3,0.116,113,340,0.99531,3.47,0.24,9.5,0,8,1
"432",4,10.2,-0.66,0.35,11.6,NA,57,295,0.99775,3.95,1.56,9.3,1,8,3
"433",6,6.1,0.16,3.32,6.1,0.034,46,114,0.99365,3.32,0.58,10.15,1,7,3
"434",3,-2.6,0.57,0.23,7.3,0.227,NA,157,1.00011,4.21,0.53,9.1,0,7,NA
"435",0,0,0.035,0.15,12.4,0.178,11,98,0.999,3.27,1.14,11.4,0,10,NA
"436",3,-2.5,0.24,1.01,10.1,0.05,230,105,0.95044,3.13,0.35,9.5,0,8,1
"437",0,15.5,0.23,-0.07,-7.1,0.039,-131,370,0.94943,2.72,-0.67,8.8,1,7,NA
"438",3,29.1,0.19,0.44,17.5,NA,-236,417,0.97191,2.45,0.62,9.5,-1,8,2
"439",4,7.3,-0.84,-0.29,81,-0.055,4,-96,0.9984,2.2,0.45,12.4,0,8,2
"440",0,8.6,0.16,0.38,34.1,0.219,-265,-99,1.01237,3.19,-1.04,13,-1,9,NA
"441",5,7.4,-0.615,-0.61,12.2,0.318,NA,506,0.9973,3.18,0.37,15.5,1,8,1
"442",0,-4,0.63,-2.4,7.8,0.033,49,-246,1.01494,3.21,0.4,10.7,0,8,1
"443",0,-0.3,0.26,0.58,5,0.361,52,107,0.94215,3.24,1.33,15,0,8,2
"444",2,2.9,0.28,1.7,7.1,0.291,49,302,0.99528,3.37,0.48,9.2,-1,7,1
"445",1,15.6,1.58,-0.38,-53.2,-0.528,-235,9,1.02555,3.5,2.15,11,-1,9,NA
"446",3,6.2,1.41,0.13,3.2,0.031,NA,89,0.98956,3.38,NA,12,-2,7,3
"447",5,6.6,0.23,-2.05,72.8,0.581,93,-297,1.01605,3.3,0.54,5.9,1,7,NA
"448",5,-0.3,0.745,-0.76,-41.6,0.044,22,-43,0.99014,2.53,0.6,11.7,0,7,NA
"449",0,6.3,-0.32,-0.75,-24.3,0.131,14,132,0.94422,3.3,0.49,9.5,1,7,NA
"450",3,17.4,0.75,0.65,-35.9,-0.288,215,140,0.99708,4.04,0.4,8.4,0,7,2
"451",3,6.5,0.3,1.78,NA,0.041,NA,109,1.00722,2.98,-0.6,8.5,-1,7,1
"452",0,4.9,0.61,1.72,-45.5,0.075,6,-254,0.89604,2.9,1.06,11,2,11,NA
"453",3,2,0.675,0.36,2.1,0.348,-64,43,0.9976,3.31,0.87,6.8,1,9,1
"454",0,9,0.6,0.29,2,0.411,32,-112,1.0292,3.34,0.17,10,-1,10,2
"455",0,-2.1,0.6,0.25,2.6,0.592,9,396,1.03564,2.86,1.39,9.8,0,9,NA
"456",3,16.6,0.33,0.41,-62,0.054,-204,117,0.9943,2.71,1.18,14.4,0,7,1
"457",4,4.1,1.17,0.36,1.1,0.507,67,-67,0.9893,2.77,-0.6,12.4,-1,8,3
"458",3,5.3,0.165,-0.19,1.1,0.051,94,105,0.89462,3.04,0.47,9.8,0,6,NA
"459",4,1.2,-0.33,-0.33,1.9,0.038,40,-136,0.99074,3.32,-0.44,6.5,-1,7,3
"460",4,6.7,0.37,0.93,2.5,0.028,24,84,0.96536,2.84,0.36,13.2,0,7,3
"461",5,17.1,0.36,0.04,-46,0.118,-137,52,0.94681,3.98,1.84,9.4,2,10,1
"462",5,6.8,0.13,-2.56,53.8,-0.116,19,102,0.99121,3.23,0.6,18.1,0,7,3
"463",0,-1.2,1.05,0.28,1.3,1.115,77,187,0.95064,3.27,0.6,10.3,1,8,NA
"464",0,12.9,0.65,-0.52,37.4,0.088,27,234,0.98877,2.99,NA,4.1,0,8,NA
"465",5,-1.5,1.08,-1.33,-16.8,0.336,26,-64,0.96895,3.23,0.48,16.4,0,8,3
"466",0,8.3,-0.48,0.39,-101.6,-1.09,206,313,0.98806,3.28,0.59,11.6,0,9,NA
"467",3,7.6,-1.05,0.34,-89.8,-0.522,42,162,1.008,3.01,0.93,12,-1,8,2
"468",3,7,-0.07,0.2,48.8,-0.131,50,NA,1.02252,3.08,0.56,9.4,0,8,2
"469",4,4.7,-0.24,0.25,63.1,0.036,21,124,1.00666,2.25,0.38,16.1,0,7,NA
"470",6,6.4,0.31,0.28,1.5,0.037,254,-253,0.94175,4.03,0.51,7,1,7,4
"471",3,12.5,0.38,1.37,NA,-0.256,7,25,0.99929,3.24,0.76,13.6,-1,13,2
"472",5,10.1,0.56,-0.97,-33.1,NA,6,326,0.99643,3.22,0.65,11.6,0,11,2
"473",3,7.1,-2.35,-0.7,-9.1,0.151,NA,NA,0.95518,3.33,0.6,9.2,-1,8,1
"474",0,-0.6,1.47,0.29,55.5,-0.31,NA,331,0.99502,NA,0.62,11.5,0,8,NA
"475",0,6.1,1.06,0.29,29.8,NA,5,-156,1.00017,3.36,-2.14,5.4,1,7,NA
"476",7,6.8,0.37,-0.63,4,-0.16,NA,45,0.99941,2.25,-0.85,12.4,2,7,3
"477",0,7.7,1.13,0.27,8.8,0.063,39,NA,0.9969,3.09,1.98,8.1,-1,8,NA
"478",5,19.1,0.475,0.22,-51.5,0.025,157,140,0.9929,3.39,0.54,6.4,1,7,1
"479",5,-1.9,0.12,0.65,1.2,-0.019,43,160,0.9934,3.13,-0.97,4.8,1,9,2
"480",6,9.4,1.61,0.52,10.6,-0.292,73,366,0.9973,3.92,0.92,12.2,1,10,3
"481",3,7.3,0.62,0.35,1.5,NA,-213,108,0.97232,2.05,0.51,10.2,-1,8,NA
"482",2,7,0.36,0.13,-36.3,0.027,34,NA,1.00692,3.04,0.37,10.1,-1,9,1
"483",0,0.1,0.6,0,1.8,0.074,16,34,0.98523,5.59,0.7,9.9,-1,8,1
"484",3,2.3,-0.63,3.34,10.1,0.168,225,-19,0.97405,3.25,0.62,13.6,0,9,2
"485",4,29.1,0.24,-1.95,12.75,-0.266,8,74,0.99386,4.3,3.92,12.9,0,7,3
"486",2,6.6,0.26,0.56,40.1,0.764,32,141,1.04041,1.51,-0.12,13.5,-1,7,NA
"487",6,7.8,1.63,0.26,9.5,0.059,32,-163,0.9955,3.36,NA,14.8,2,8,3
"488",5,6.8,0.28,0.37,7,0.057,307,208,0.9973,3.57,0.55,7.8,2,7,4
"489",2,9,0.43,0.3,59,-0.552,155,NA,0.97684,3.11,1.05,5.7,0,10,NA
"490",5,-4.7,0.37,0.23,42,0.057,54,166,0.99568,4.09,1.12,1.8,2,8,4
"491",4,-4.3,0.43,-0.35,2.1,0.027,19,-252,0.9883,3.01,1.57,5.6,1,8,1
"492",3,1.9,0.26,-0.91,59.2,0.355,-206,230,0.9974,3.6,1.78,8.9,0,7,NA
"493",2,6.5,0.25,-0.38,33.5,0.524,104,184,0.99572,3.17,0.45,11.9,-1,7,2
"494",4,7.3,0.2,0.55,65.2,0.2,-218,87,0.99044,2.94,1.86,12.2,0,8,1
"495",0,13.9,0.28,-0.22,2.3,0.664,-102,85,0.9997,2.5,3.09,9.3,1,13,NA
"496",0,12.2,1.8,0.45,-7.7,0.374,-6,160,0.9952,3.77,3.44,9.6,1,7,1
"497",7,5,0.17,0.56,1.5,0.026,-18,115,1.00233,3.48,1.02,11.8,2,6,NA
"498",5,-4.6,1.52,1.33,-3.2,0.498,23,109,0.99018,NA,3.17,12.8,-1,7,3
"499",4,7.2,0.28,0.26,12.5,0.232,-61,179,0.9975,3.1,-0.26,9,0,8,NA
"500",5,7.2,0.23,-1.08,14.2,0.136,49,215,1.06514,3.53,0.48,10.5,0,8,3
"501",3,9.9,0.49,-0.96,-26.5,-0.478,19,519,0.9948,2.53,0.44,NA,-1,11,NA
"502",2,5.8,0.33,0.33,5,0.41,185,265,0.99399,3.13,1.53,9,-1,6,2
"503",2,0.2,0.09,0.17,2.8,0.04,65,125,1.00688,2.55,2.15,8.5,-1,7,1
"504",0,6.4,-0.75,-0.5,9.65,0.041,36,119,0.99334,2.97,0.67,10.93333333,1,7,NA
"505",4,-4.4,0.2,0.86,-50,-0.047,-377,177,1.02959,3.41,0.47,8.8,0,6,1
"506",3,16.6,1.215,0,1.4,1.105,11,-148,0.93391,3.79,NA,12.2,0,5,3
"507",0,5.6,1.73,-0.87,6.9,-0.054,23,NA,1.02166,3.25,0.49,8.1,-1,6,NA
"508",4,7.6,0.28,0.39,1.2,0.038,192,115,0.98376,2.56,-0.83,10.5,0,8,2
"509",4,-3.3,0.26,0.27,11.8,0.31,-134,286,0.99628,2.87,0.76,9.7,0,7,3
"510",3,5.7,0.75,0.15,1.9,-0.003,124,36,0.94617,3.38,0.54,14.1,0,6,3
"511",0,8.6,0.01,0.65,-50,0.08,3,8,1.02295,3.36,-0.5,13.8,1,10,NA
"512",0,6.7,0.58,0.02,20.4,-0.799,-109,NA,1.04571,3.39,1.68,13.1,0,7,NA
"513",5,0,0.27,0.74,13.4,-0.302,-21,121,0.97402,3.04,1.65,5.8,1,8,3
"514",6,2.5,0.39,0.24,6.3,0.037,45,913,1.02743,2.58,0.43,10.2,1,7,2
"515",3,-3.6,0.16,0.36,5.9,0.835,25,-168,1.03316,3.39,0.34,10.2,-1,8,2
"516",0,8.4,0.31,3.4,-50.45,0.021,52,443,1.02707,2.93,-0.32,11.5,0,9,1
"517",5,-3.4,1.09,0.53,1.4,-0.384,26,175,1.03875,3.17,1.87,12,0,7,1
"518",4,6.3,0.99,1.31,9.7,0.045,50,136,1.01145,3.14,0.37,10.6,0,7,1
"519",3,16.1,0.31,-1.29,-16.8,0.038,18,123,0.98338,3.36,2.07,8.6,-1,7,2
"520",2,18.2,0.85,0.5,1.1,0.042,35,NA,0.94805,1.91,-1.36,8.6,-1,8,1
"521",0,0.4,0.68,1.35,1.75,-0.205,-222,387,1.01879,4.59,NA,11.7,1,8,NA
"522",4,8.8,-0.75,0.64,2.2,0.093,9,42,1.02734,4.44,-0.8,6.4,1,10,NA
"523",3,14.3,0.205,0.3,60.5,-0.059,34,110,0.9963,3.72,-0.44,4.9,-1,8,NA
"524",4,6.8,0.3,0.26,96.9,0.037,-139,150,0.99727,2.8,-1.54,12.3,0,7,4
"525",0,11.8,0.84,0.25,52.3,0.074,3,-245,0.99649,3.13,0.63,10.4,0,13,NA
"526",5,6.3,0.55,0.45,68.2,0.442,33,416,1.01855,3.2,NA,8.9,1,7,2
"527",4,7.7,-0.09,0.24,1.8,0.051,124,67,0.9928,3.23,-0.19,10.8,0,8,NA
"528",4,6.9,1.45,0.54,10.6,0.105,24,-104,0.99265,3.15,1.6,10.8,0,8,1
"529",6,11.9,-2.07,-0.11,39,0.028,53,NA,0.96472,3.14,0.84,10.3,1,9,3
"530",2,6.4,-1.93,1.58,63.5,0.093,506,NA,0.96516,3.15,0.29,9.2,-1,7,2
"531",2,10.3,0.29,2.09,14.95,0.067,252,178,0.99838,3.04,0.08,10.6,0,8,1
"532",3,15.3,1.715,-1.11,1.8,0.114,266,64,1.0279,3.22,-0.57,11,-1,8,1
"533",3,4.1,0.44,0.27,8.4,0.057,60,-250,0.99257,3.16,0.36,18,-1,8,NA
"534",0,12,0.51,0.24,2.6,0.087,12,-206,0.9998,NA,-0.14,9.8,-1,10,NA
"535",3,2.7,0.11,1.97,1.6,0.612,503,90,0.99008,2.49,0.52,12.2,-1,6,2
"536",3,-1.6,0.3,-1.78,11,0.042,36,318,0.96052,3.15,-0.97,7.4,0,6,1
"537",1,-2.7,0.19,0.24,-26,-0.474,3,-197,0.99362,3.24,-0.57,6.7,-2,6,1
"538",3,7.2,1.63,0.28,-19.3,0.046,6,41,0.99665,3.17,1.76,10.9,-1,8,1
"539",4,10.9,-0.85,0.3,60.6,-0.346,13,128,0.94382,3.19,0.49,9.7,1,8,1
"540",3,6.6,0.22,0.28,12.05,0.261,210,276,1.01867,4.68,0.45,6,0,7,1
"541",5,7.2,0.36,1.54,5.7,0.038,26,-151,1.00143,2.98,0.44,26.1,0,8,2
"542",1,6.1,0.22,0.26,1.2,-0.106,-288,-203,0.99104,3.71,0.35,7.4,-2,7,NA
"543",0,-10.7,0.41,0.19,1.7,-0.426,18,69,0.9973,2.63,1.31,3.5,0,9,NA
"544",4,6.7,0.65,0.49,4.7,0.034,-65,407,1.0227,4.23,-0.85,16.3,0,7,1
"545",5,13.9,-0.49,0.45,19.5,-0.177,-18,497,0.94986,3.62,1.93,10.6,1,8,3
"546",2,6.1,-0.9,-1.33,57.6,0.072,53,100,1.04706,2.58,1.76,10.9,-1,7,2
"547",0,-0.1,-0.98,0.5,-6.6,0.664,6,-209,0.99643,3.22,-0.62,11.6,-1,11,NA
"548",0,4.8,0.66,0.68,-53,-0.281,6,24,0.98202,3.06,1.03,13.4,0,12,NA
"549",3,6.1,1.15,-2.17,2,0.038,204,NA,0.9923,3.37,-0.55,11.3,-1,7,1
"550",4,9.4,0.58,1,11.8,0.463,364,274,0.98,2.55,0.63,9.6,1,8,2
"551",3,6.9,0.76,0.28,-13.4,0.056,29,183,0.97107,3.17,-0.74,5.3,0,8,2
"552",5,2.8,-0.28,0.49,11.8,0.038,27,99,1.01855,2.38,NA,10.6,1,8,2
"553",4,6.6,0.31,-1.18,71.3,0.407,328,164,0.97711,3.13,0.39,14.5,2,7,2
"554",4,12.4,0.32,1.56,30.6,-0.225,-256,74,1.0525,3.27,0.66,5.3,0,9,1
"555",4,0.8,0.36,0.59,5.6,0.152,60,-54,0.97085,3.04,1.05,9.4,1,12,1
"556",6,17.4,0.16,1.36,1.1,0.423,27,345,0.98884,3.23,0.8,13.2,0,7,4
"557",0,7.3,0.22,0.5,13.7,-0.188,-18,123,0.9994,3.24,2.28,NA,-2,8,NA
"558",4,7.4,0.25,1.24,-10.2,0.039,22,64,1.01539,1.14,0.49,10.7,1,9,2
"559",0,5.7,1.15,0.24,68.3,0.047,57,112,0.99837,3.61,2.27,NA,0,6,NA
"560",0,10.7,0.31,-0.94,6.6,0.026,23,99,1.00289,3.22,1.88,12.2,1,12,NA
"561",5,12.8,1.35,0.3,31.6,0.037,NA,169,0.99601,3.25,0.37,10.4,1,8,4
"562",0,7.8,-0.54,-0.87,3.4,-0.496,122,-91,0.98959,5.38,0.47,13,0,8,NA
"563",4,-1.9,0.24,1.39,45.4,0.044,-208,939,0.9982,2.66,NA,9.6,-1,8,1
"564",0,13,-0.17,2.71,6.8,0.163,NA,568,0.95261,2.28,0.56,10.3,-2,7,1
"565",0,18.2,0.34,0.28,NA,-0.095,36,100,0.99064,3.26,0.39,14.5,0,7,1
"566",0,15.8,0.32,1.46,9.1,-0.145,46,-438,1.00793,3.94,0.57,13,-1,6,1
"567",4,6,1.45,-0.75,6.3,0.245,179,-440,0.94783,2.28,0.41,15.1,1,7,2
"568",4,6.8,1.58,0.15,-40.8,-0.541,62,178,1.01618,3.19,-0.33,8.8,1,8,1
"569",0,6.2,1.55,1.31,9.1,-0.133,-255,78,1.01706,3.06,1.81,13.8,1,7,NA
"570",0,10.2,-0.275,0.36,NA,0.251,152,14,0.96782,2.06,-0.99,10,0,11,1
"571",0,9.5,0.475,0.49,1,0.58,292,131,0.98144,3.35,0.97,10.8,0,7,1
"572",2,4.5,0.2,0.49,1.6,0.076,224,143,0.9937,2.39,NA,9.2,-2,7,1
"573",2,18.7,0.29,1.71,-4.05,0.382,4,-205,0.96659,1.97,0.32,11.4,0,9,NA
"574",4,11.7,0.17,0.36,4.5,0.493,-90,-144,0.99427,1.83,0.47,12.4,1,8,2
"575",4,7.9,0.19,0.45,1.5,0.644,NA,96,0.9917,NA,0.39,12.8,0,9,2
"576",2,6.1,0.17,0.4,9.1,0.326,83,606,1.01775,2.1,0.5,6.1,-1,7,1
"577",3,27.4,0.15,0.55,5.9,-0.134,75,202,1.03028,3.15,2.49,9.3,0,7,NA
"578",2,9.7,0.48,-1,0.9,0.384,-90,99,0.99226,3.14,-0.23,NA,0,7,NA
"579",4,15.2,1.14,0.72,1.6,0.043,NA,87,0.9911,4,0.48,11.9,0,9,3
"580",4,5,1.535,0.07,7.1,NA,34,557,0.9945,4.29,0.57,10.2,0,6,2
"581",0,13.4,-0.425,0.11,1.9,0.308,16,867,1.03769,3.19,-0.3,12.1,1,9,NA
"582",0,2.3,1.66,1.67,2.1,0.062,-369,14,1.00734,3.44,-0.73,10.6,0,11,NA
"583",5,17.2,-0.99,-0.75,NA,-0.444,24,295,0.95363,3.11,2.69,11.2,0,7,2
"584",5,4.3,0.29,-0.02,4.7,0.059,-332,81,0.99036,2.02,0.56,12.7,-1,7,2
"585",3,9.6,-0.99,0.46,1.45,0.039,77.5,NA,0.9944,1.69,NA,9.5,-1,10,1
"586",5,16.2,1,1.62,8.2,0.619,37,260,0.96443,2.87,2.32,11.6,1,11,3
"587",0,0.4,0.805,1.28,2.5,0.068,7,-141,0.95542,NA,NA,9.8,1,8,NA
"588",3,11.7,1.32,0.38,-61.5,0.028,-267,-127,0.993,2.79,0.54,5.3,-1,7,NA
"589",4,8.5,1.02,0.04,62.5,0.144,38,218,1.02543,3.53,1.61,10.2,0,5,3
"590",0,1.5,0.54,0.26,74.6,-0.209,280,332,0.9526,2.31,0.54,10.5,0,8,NA
"591",0,7,0.6,0.9,2.2,0.177,13,28,1.00287,3.46,NA,10.2,0,8,NA
"592",5,6.1,0.28,0.22,118.9,0.034,265,116,0.96512,3.36,NA,6.3,1,7,2
"593",3,6.5,-0.06,-0.4,-15.8,0.03,-83,NA,1.02462,4.09,0.36,15.4,0,7,NA
"594",3,7.9,1.36,0.23,1.8,-0.508,23,49,0.99057,4.01,-0.55,9.3,0,9,2
"595",4,13.9,0.32,1.37,11.8,-0.079,-419,539,0.99794,3.05,0.54,4.4,1,9,3
"596",3,8.1,0.56,0.33,-56.1,0.423,141,199,0.9944,3.8,0.72,6.5,-1,10,NA
"597",3,6.9,-0.52,1.02,9.4,-0.544,29,475,0.99594,3.69,1.18,9.4,0,8,2
"598",4,6.4,0.15,1.37,-43.3,0.044,45,61,0.99454,3.91,0.72,9.9,0,7,2
"599",0,4.2,0.215,0.23,5.1,0.041,-107,157,0.99688,3.42,1.13,8,0,5,1
"600",6,10.7,-0.54,0.37,28.6,0.127,59,566,1.04265,3.63,0.29,13.2,1,7,4
"601",0,16.6,1.07,-0.24,3.8,NA,218,-60,0.99664,4.85,-2.66,9.3,0,9,NA
"602",4,2.8,1.22,-1.11,4.1,0.154,73.5,-179.5,0.98544,2.51,0.38,9.8,0,6,2
"603",4,6.5,-2.52,-0.22,121.2,0.059,33,101,1.04196,3.12,-0.74,4.6,0,7,3
"604",3,6.3,0.91,2.87,7.05,-0.081,50,177,0.99564,2.66,0.42,11.7,0,7,1
"605",2,17.9,1.03,1.19,4.8,0.052,49,142,0.9946,3.94,0.62,9.2,-1,7,NA
"606",0,7.7,0.665,0,-8.5,0.09,8,-368,1.00739,3.27,1.37,15.6,0,8,1
"607",3,7.2,0.17,0.62,11,0.468,NA,-118,0.9976,3.33,0.5,8.7,0,8,NA
"608",0,4.9,0.615,0,44.4,0.089,16,NA,0.9943,NA,0.52,12.9,-2,6,NA
"609",0,14.7,0.32,0.31,6.4,-0.353,38,115,0.94865,3.38,1.12,12.2,1,8,NA
"610",5,2.8,-0.08,0.12,8,0.384,262,213,1.01525,3.28,0.36,5.5,1,8,2
"611",2,5.9,0.17,-0.39,14.55,-0.262,-181,156,1.00356,3.34,NA,9.1,-2,8,NA
"612",0,-1.9,-1.12,1.77,-9.6,NA,-122,128,0.94543,3.13,-0.97,10.2,-1,8,1
"613",5,6.3,0.28,0.3,6.6,0.208,246,86,0.99253,3.1,1.38,16.2,1,7,3
"614",5,4,0.26,-0.82,3.1,-0.357,37,821,0.98944,3.29,2.34,14.3,0,7,3
"615",3,1.1,0.26,-1.38,60.2,NA,-123,152,0.98103,3.31,-1.08,9.4,0,6,2
"616",3,5.6,-0.97,1.34,9.9,0.15,108,459,0.95537,3.19,NA,9.8,0,7,1
"617",3,2.6,-0.11,-0.45,NA,0.17,28,-211,0.99226,3.15,0.52,10.8,0,8,2
"618",0,1.4,0.16,0.24,1.4,0.046,-103,77,1.03592,3.98,NA,10.3,-1,7,NA
"619",4,2.9,-0.89,-0.67,40.4,0.032,62,-301,1.02941,3.98,0,11.4,-1,7,3
"620",1,10.2,-0.29,0.09,10.6,0.244,-18,-347,0.9983,2.87,0.74,9.1,0,9,NA
"621",5,26.2,0.2,0.4,1.5,0.037,238,107,0.98913,3.46,0.5,11.4,1,7,3
"622",2,7.2,0.29,0.18,8.2,0.042,41,566,0.99644,2.89,0.65,9.1,-1,8,2
"623",4,7.3,0.65,0.49,-50.1,0.316,32,197,0.9936,3.98,0.54,14.1,0,8,3
"624",5,7.9,1.53,0.28,12.9,0.032,-209,63,0.98327,2.93,-0.52,22.4,1,9,2
"625",5,10.2,0.29,0.49,89.8,0.126,5,417,0.9976,3.05,-0.97,10.5,0,11,2
"626",4,7,0.2,1.57,36,0.368,179,557,0.99585,2.86,0.54,4.1,0,8,2
"627",3,-1.4,0.41,0,7.8,0.185,-115,188,0.99576,2.15,1.66,4.4,0,7,2
"628",0,6.8,0.67,-1.31,-27.3,0.05,53,11,0.95713,2.8,1.91,9.5,1,7,NA
"629",0,7.6,0.7,-0.83,-28.9,0.069,8,19,1.03361,5.36,-1.26,10,-1,10,NA
"630",2,8.2,1.2,-1.13,5.1,0.062,-234,-416,1.00583,3.22,0.94,14.6,-2,9,NA
"631",4,8.4,-0.4,1.63,-77.7,0.14,11,18,0.99807,3.48,2.29,15.5,0,6,3
"632",4,6.6,0.28,1,12.9,0.033,31,177,0.99479,4.22,0.1,13.7,0,7,2
"633",4,-0.4,-0.655,0.34,-10.8,0.972,-135,555,1.03982,1.22,0.74,11.2,0,8,2
"634",4,7.6,0.16,0.41,-73.2,0.047,59,-108,1.00365,3.2,0.3,10.1,0,8,1
"635",4,3.1,-0.9,0.24,-60,0.042,24,72,0.97434,3.03,0.37,10.9,0,6,1
"636",2,-6.1,-0.95,0.91,63.3,-0.522,38,-7,0.99622,3.28,0.5,9.9,-1,7,NA
"637",4,5.3,0.41,0.56,59.6,0.238,46,-374,0.99119,3.16,0.62,3.3,1,6,2
"638",0,9.2,0.6,0.02,46.4,-0.203,-209,474,1.00034,3.15,-1.01,15.2,1,12,NA
"639",4,5.9,1.24,0.24,9.3,0.034,-94,467,0.995,2.27,0.42,5.6,0,6,2
"640",3,7.5,0.18,0.34,1.3,0.055,50,153,0.97759,2.04,0.07,7.8,-1,8,2
